purchase_id,customer_id,product_id,purchase_date,quantity,total_amount
1,1,42,2018-04-15 14:08:01,3,37.64207365077783
2,1,138,2022-07-10 23:33:47,4,70.24710587172727
3,1,403,2021-12-31 03:53:33,3,89.16889585975464
4,1,193,2017-01-14 01:25:11,2,59.70505931112876
5,1,26,2018-04-06 11:01:06,3,101.77886387225126
6,1,357,2020-02-04 10:28:26,5,167.38440154387484
7,1,192,2023-09-21 08:52:12,5,201.98834253689253
8,2,225,2021-07-31 11:17:50,5,82.87969346438778
9,2,218,2023-11-03 08:21:19,5,230.93891243311947
10,2,176,2022-12-30 01:32:06,2,41.32577291026815
11,2,14,2023-07-27 15:38:24,1,49.407459133126494
12,2,444,2023-09-14 07:17:41,2,39.661526868045016
13,2,150,2021-12-09 11:20:22,3,30.630269229115196
14,2,55,2022-12-19 10:28:44,1,42.61748689307072
15,2,134,2021-10-22 21:46:22,3,137.08249973105922
16,2,107,2022-07-31 10:35:19,3,11.311573271738684
17,2,415,2023-03-20 14:08:32,2,91.3159788324202
18,2,389,2022-11-01 10:16:21,4,182.2416562759003
19,2,123,2022-11-24 03:14:17,4,99.92195439364824
20,3,459,2019-03-22 02:00:03,3,32.81843738399608
21,3,25,2022-09-05 09:27:41,3,125.49925556355086
22,3,476,2019-08-08 06:18:26,1,11.700881644800202
23,3,232,2023-01-09 00:52:25,5,171.30018727097115
24,3,71,2019-01-17 08:21:41,3,68.8606868345945
25,3,230,2021-01-01 09:33:32,4,191.00395657351183
26,3,213,2018-09-20 10:59:29,4,128.96347256678524
27,3,127,2019-12-27 12:36:23,1,8.503418808214136
28,3,328,2019-05-06 19:44:14,3,65.14009103722114
29,3,6,2020-02-28 01:51:10,5,244.72031194423812
30,3,24,2018-09-25 22:52:00,5,211.87268272244427
31,3,349,2018-09-23 06:12:24,3,56.784833952808825
32,3,252,2022-11-12 00:46:24,2,4.122401442951305
33,3,146,2020-06-03 22:43:44,2,71.66954187514949
34,4,327,2020-08-05 01:30:43,1,29.698496965794835
35,4,305,2022-07-18 04:54:39,1,14.453941727047198
36,4,35,2021-02-08 21:17:14,2,70.41846478874332
37,4,378,2023-09-29 20:37:23,1,43.529967498598836
38,4,393,2021-05-03 11:22:08,2,42.40874524248973
39,4,335,2018-08-22 06:35:46,1,3.8224220683969103
40,4,329,2019-08-23 04:34:55,1,8.306429528737489
41,4,370,2018-07-09 16:22:41,1,39.81217167519199
42,4,86,2019-01-24 17:11:21,2,88.12662081411254
43,4,351,2020-12-04 09:30:20,3,127.87549314333945
44,4,199,2022-11-15 02:17:33,4,166.6255900137933
45,4,322,2019-01-18 18:14:22,5,185.6809628174348
46,4,348,2019-07-16 16:18:27,4,186.7967631223698
47,4,299,2019-09-09 20:40:10,3,60.54151257322162
48,4,80,2020-10-17 19:00:12,4,77.85189511242356
49,4,228,2022-12-18 23:56:51,5,42.19568574795653
50,4,94,2020-06-13 10:34:49,1,24.099638897117508
51,4,215,2021-07-23 19:01:46,2,60.00134700014126
52,5,234,2021-05-04 02:15:16,4,151.406844284802
53,5,107,2019-04-07 22:42:53,2,90.11795885373196
54,5,275,2018-10-22 23:32:03,4,189.11566054866907
55,5,21,2023-03-29 05:15:25,5,148.58130396286822
56,5,343,2019-06-13 13:05:35,3,48.265722777136396
57,6,260,2020-12-23 07:39:43,5,119.42789726463751
58,6,270,2020-09-21 11:41:24,1,40.34752240092938
59,6,226,2022-08-06 06:50:36,5,49.82904455063281
60,6,350,2022-01-29 13:26:14,3,8.904723800102335
61,6,274,2022-04-20 00:51:20,2,31.092000975080403
62,6,447,2023-02-15 00:08:09,2,72.88116518140642
63,6,332,2021-12-19 21:35:50,1,10.513305797653826
64,6,357,2022-10-02 17:17:01,2,15.079254301458802
65,6,174,2022-09-22 17:28:26,2,3.5730693639929085
66,6,427,2021-04-04 03:05:55,1,25.407112383701946
67,6,224,2023-07-15 03:20:02,4,114.53401750251025
68,7,329,2022-12-24 10:45:42,2,60.10281912250504
69,7,109,2020-03-20 10:21:56,4,118.68935713890596
70,7,362,2023-02-19 22:49:24,1,46.74914106158312
71,7,326,2018-04-08 17:06:48,2,46.95625181584539
72,7,115,2021-11-14 08:40:37,4,55.311547226709095
73,7,185,2022-03-20 23:35:48,2,58.30181922516439
74,7,114,2022-07-09 01:54:41,2,65.55765677980858
75,7,92,2020-04-03 11:11:39,1,14.962282499910309
76,7,155,2021-07-13 15:19:30,2,94.12848661282553
77,7,130,2020-06-14 09:09:05,3,127.2193181557531
78,7,83,2019-06-05 04:53:35,1,2.975293263519561
79,7,343,2020-03-16 00:03:53,4,187.90781748861275
80,7,188,2020-10-27 11:56:54,5,178.10789802006389
81,7,106,2020-05-19 09:55:45,2,94.22059475149835
82,7,482,2019-08-14 15:30:48,3,103.14678771289974
83,7,206,2018-09-23 07:26:50,4,164.06588604804463
84,8,475,2018-12-02 20:57:53,1,10.74372878830441
85,8,292,2019-12-13 17:07:40,2,20.366638821264953
86,8,271,2020-07-14 12:58:37,5,11.865119251133487
87,9,45,2023-08-02 23:47:27,1,37.304995121290666
88,9,195,2023-01-25 02:31:30,1,1.5467348348574819
89,9,290,2022-02-25 15:06:31,2,83.47846261256126
90,9,80,2022-02-10 04:45:01,3,81.8958710266161
91,9,20,2023-05-30 21:06:38,3,59.09655674767954
92,9,326,2022-06-14 22:54:22,2,46.25658554395462
93,9,321,2022-12-24 10:06:34,4,170.014438855495
94,9,90,2023-02-19 23:17:23,2,88.92572564779805
95,9,143,2023-09-04 10:11:53,3,50.849552631318176
96,9,107,2022-12-06 04:26:48,5,13.24094987735862
97,9,222,2022-11-29 05:25:16,4,42.2163887504608
98,9,358,2022-03-25 00:53:39,3,134.83950136452248
99,9,391,2023-07-19 22:27:46,2,9.076375170846703
100,9,438,2023-03-10 23:32:46,5,59.485154906359
101,9,43,2023-10-21 05:33:49,4,130.6626874531452
102,9,376,2022-02-11 20:59:16,3,55.013538787785535
103,9,144,2023-01-08 06:25:35,4,128.57617143806024
104,9,304,2023-06-01 17:08:12,4,13.789307608743943
105,9,103,2023-06-27 05:42:52,3,130.95891729889834
106,10,120,2022-03-09 11:43:24,4,62.559223815008934
107,10,286,2020-04-09 11:41:07,2,71.37247485596919
108,10,5,2021-11-09 19:48:57,5,16.889609109157163
109,10,26,2022-06-11 15:19:12,4,39.611148524729266
110,10,427,2023-06-24 19:08:12,5,36.08237170310592
111,10,296,2023-01-11 03:40:46,4,13.733858054918722
112,10,179,2022-09-09 09:55:02,2,34.44973582479071
113,10,297,2020-08-01 08:42:50,5,21.649888795320397
114,10,235,2022-02-18 10:09:08,5,152.6486191108172
115,10,186,2023-05-16 23:52:50,5,161.91269521800362
116,10,114,2023-07-21 21:11:38,5,49.057706917387776
117,11,92,2023-03-12 14:51:33,5,177.33795504094783
118,11,291,2021-05-03 12:56:00,2,69.52956043788136
119,11,367,2019-02-11 00:45:16,2,89.92990505836273
120,11,489,2022-01-06 14:07:20,2,12.877169858530525
121,11,236,2020-03-06 10:11:34,2,88.90403533448753
122,11,212,2020-06-27 05:54:46,4,62.7301591435989
123,11,387,2019-11-06 00:02:27,1,26.648750879608755
124,11,85,2021-07-17 10:46:52,3,66.87994488776096
125,11,369,2021-02-20 03:24:30,5,183.80759154339972
126,11,198,2023-01-18 07:41:20,5,54.96150497695993
127,11,394,2023-05-06 04:49:12,3,101.76443868523205
128,12,442,2023-07-09 02:32:48,3,80.30907204477991
129,12,58,2019-08-09 10:25:30,4,183.1919640229062
130,12,57,2019-12-17 07:30:31,4,80.81615614973578
131,12,253,2023-05-28 05:17:52,4,22.22047098438436
132,12,363,2023-08-26 07:21:24,3,28.767800536115352
133,12,212,2023-01-22 01:02:05,1,32.202311928841226
134,13,324,2022-01-31 13:20:13,2,17.73205857730934
135,13,483,2022-12-08 19:38:50,5,131.80103820404466
136,13,144,2022-08-16 04:36:31,2,96.08617222264105
137,13,257,2022-01-15 19:30:14,5,155.04526848495283
138,13,332,2021-06-22 02:34:10,5,114.22796665469917
139,13,465,2021-06-13 02:06:44,3,112.82595457873
140,14,321,2022-01-15 15:38:21,5,210.06003173557036
141,14,439,2016-09-20 04:47:08,4,105.61568648701285
142,14,370,2017-05-13 10:17:56,2,57.27357057237865
143,14,349,2018-11-19 16:08:00,2,99.30413536883509
144,14,481,2018-06-02 19:00:54,4,71.78283573564308
145,14,366,2016-11-14 19:48:31,1,45.717785260215855
146,14,479,2022-12-21 16:54:26,1,40.98820317014032
147,15,360,2023-04-14 01:45:15,2,18.365538801911537
148,15,344,2023-03-19 07:56:13,3,4.681898878757604
149,15,20,2023-04-06 21:12:01,1,18.903749689955923
150,15,221,2023-06-24 13:20:59,2,56.041381090878694
151,15,71,2023-06-15 18:21:07,5,141.0151897636843
152,15,190,2023-06-23 20:34:15,1,41.025217038322786
153,15,358,2023-03-20 17:07:21,2,6.871879382284569
154,15,148,2023-03-15 17:31:54,5,8.171453158562082
155,15,114,2023-10-04 15:19:58,1,18.798769587607005
156,15,325,2022-11-28 06:49:42,3,59.822207953235065
157,15,302,2023-05-17 12:38:18,2,26.54278277244835
158,15,232,2023-03-22 16:48:44,3,104.95698247303943
159,15,99,2022-12-23 11:49:26,3,39.90134201862692
160,15,141,2023-04-01 07:53:35,2,65.93289568638033
161,16,386,2021-10-21 10:30:59,1,12.074701912521878
162,16,279,2020-12-31 17:58:32,4,116.91428803725674
163,16,366,2018-09-08 17:06:35,1,33.47236064690016
164,16,330,2023-09-26 07:14:35,1,32.2389831007676
165,17,368,2021-06-19 14:07:59,1,16.362607770070365
166,17,154,2022-12-16 20:10:47,1,1.6272149430442733
167,17,477,2022-01-14 19:27:27,2,66.34930733985067
168,17,344,2021-03-18 09:17:10,2,77.46526378951457
169,17,476,2022-09-09 06:03:44,1,35.70408092833011
170,17,380,2023-01-14 20:16:28,3,81.66392840496482
171,17,86,2022-10-27 18:17:34,2,81.49629050492207
172,17,283,2022-12-25 04:38:32,2,10.810398420228712
173,17,161,2023-04-11 15:49:13,3,6.360162574976119
174,17,341,2023-05-09 12:51:14,3,72.99792073483555
175,17,146,2021-04-10 14:14:21,3,5.219608824734656
176,18,8,2023-06-15 11:01:33,5,17.895561792950694
177,18,344,2023-07-13 01:19:17,1,37.86666534128111
178,18,49,2022-10-20 05:12:16,2,43.76107209706434
179,18,359,2022-03-09 07:16:56,5,108.73483937233584
180,19,298,2022-03-21 18:36:54,3,18.925486735434042
181,19,143,2023-05-28 11:57:22,5,108.86728577512052
182,19,334,2023-07-16 13:15:21,3,11.498381760168485
183,19,312,2023-01-17 18:58:04,4,163.81420672600402
184,19,438,2022-03-04 20:09:25,4,45.90959618623882
185,19,169,2021-01-05 04:09:30,2,38.11931415055009
186,19,128,2021-07-11 01:18:23,2,42.25033373943381
187,19,205,2022-11-27 23:42:16,2,85.75740988074341
188,19,185,2022-10-23 22:13:44,1,49.307304751399734
189,20,436,2023-02-04 15:59:35,4,194.68885452116484
190,20,163,2022-12-15 20:39:45,2,94.81578712465038
191,20,479,2022-01-16 12:54:33,5,113.05657141269968
192,20,457,2021-02-18 02:43:20,2,93.32942615214303
193,20,457,2021-05-25 07:19:14,1,11.19489828315844
194,20,475,2020-12-25 11:32:19,5,234.69739935810267
195,20,295,2022-09-22 23:28:19,1,25.846974351865065
196,20,44,2021-06-12 23:11:18,4,93.46484148929599
197,20,422,2021-03-18 20:14:04,1,1.6327644100918839
198,20,305,2021-04-07 00:46:30,5,153.52164569733392
199,20,152,2021-12-08 06:21:41,2,5.204007997373189
200,20,331,2023-06-22 08:04:28,5,193.87832321908516
201,20,357,2021-01-18 12:24:17,4,199.99292751048284
202,20,298,2022-02-24 15:19:16,2,86.54160222558107
203,20,410,2021-05-21 02:51:53,4,32.22975035381276
204,20,94,2021-10-01 06:01:06,2,8.398472434539892
205,20,338,2022-01-08 10:08:54,1,15.863474991028323
206,21,292,2021-09-10 10:06:58,4,116.95886417742071
207,21,131,2019-01-20 20:34:15,5,211.69601306467993
208,21,41,2023-07-29 00:41:34,1,14.377566376020779
209,21,137,2023-06-11 04:56:19,1,16.974482297716328
210,21,77,2019-02-20 11:04:13,4,101.24896790167531
211,21,415,2021-02-25 07:21:27,2,93.59602972575387
212,21,224,2022-04-02 02:21:53,1,26.463884133698173
213,21,46,2020-10-13 05:02:06,5,49.94259935451929
214,21,387,2019-05-10 21:45:12,5,126.90764297212304
215,21,117,2023-04-08 04:25:17,3,97.34895692451082
216,21,408,2022-01-03 21:49:13,4,110.5389683826065
217,21,437,2022-09-10 08:32:55,2,38.206882876127274
218,22,164,2021-05-27 07:42:00,5,18.211680441894963
219,22,221,2019-07-10 02:04:31,2,24.227488967567854
220,22,48,2019-09-21 07:54:35,2,65.69414926679795
221,22,246,2019-06-25 22:01:30,2,67.82741954919692
222,22,118,2019-09-21 12:36:56,3,81.88032187028523
223,22,395,2020-07-02 02:43:37,2,66.66214250940803
224,22,5,2022-03-06 15:43:58,1,16.060621064077104
225,23,63,2023-08-09 03:21:44,3,106.87666307833734
226,23,414,2023-10-27 10:31:26,1,5.523018044159445
227,23,455,2023-01-10 22:25:54,4,90.7657612148819
228,23,240,2023-02-21 15:50:41,1,16.03483827850922
229,23,154,2023-03-07 19:33:15,2,37.307464946787924
230,23,298,2023-04-15 20:31:51,5,152.68954452722627
231,23,306,2023-05-31 15:49:29,4,110.85223272495423
232,23,158,2023-01-01 23:57:25,2,16.38839908062913
233,23,158,2023-04-17 11:58:48,4,141.75123719498532
234,23,160,2023-02-13 03:38:18,2,34.810031215337915
235,23,23,2023-08-08 03:51:49,1,10.66943432293959
236,24,262,2023-01-06 13:11:55,4,150.7780706422649
237,24,32,2023-09-29 02:54:03,1,43.00615594171878
238,24,300,2021-06-15 13:24:17,5,112.42453346945885
239,24,261,2022-12-23 04:51:25,4,113.07226595305946
240,24,483,2023-03-14 21:35:05,3,82.87084562536887
241,24,481,2022-10-02 14:03:19,5,16.878536365447715
242,24,345,2021-07-24 09:04:50,1,28.925790503929292
243,24,99,2023-04-27 22:06:10,4,12.06204395308879
244,24,251,2023-02-08 15:22:24,5,187.76162022588792
245,25,486,2018-03-06 20:39:21,3,77.84312959726213
246,25,16,2019-05-30 15:34:37,3,139.47743986651466
247,25,469,2022-11-22 08:28:04,3,66.19144165020312
248,25,350,2022-01-24 02:00:34,1,31.00805959453731
249,25,16,2018-03-06 14:24:05,4,139.72429734599464
250,25,36,2020-10-16 09:43:09,2,98.05560401034333
251,25,62,2021-11-02 10:08:30,4,134.65598654056998
252,25,213,2016-05-28 18:54:49,5,107.53745385092651
253,25,236,2018-10-06 14:24:17,4,16.665113898634665
254,26,380,2023-09-12 11:49:56,2,69.57287806094752
255,26,331,2023-05-21 07:47:45,1,44.373932481128506
256,26,328,2020-04-01 16:05:26,1,47.48614789906376
257,26,274,2023-02-13 18:55:07,1,32.888733066553826
258,26,306,2022-10-21 07:54:10,5,196.51553220599112
259,26,301,2020-04-09 10:38:17,5,97.53052073093242
260,26,115,2022-07-01 17:01:34,5,10.36016393622933
261,26,10,2022-10-14 14:18:33,3,133.94526445326647
262,27,338,2022-01-28 01:39:57,3,39.24065622031543
263,27,491,2022-02-06 18:19:02,4,98.38232705097495
264,27,100,2023-01-14 07:54:23,3,47.98892933740995
265,27,131,2021-06-17 09:56:55,4,84.21576871416276
266,27,98,2021-04-16 11:49:35,2,11.09070312050579
267,27,187,2021-08-02 00:38:52,4,22.242049340165785
268,27,149,2021-09-07 06:47:56,4,157.47300080988438
269,27,355,2022-03-01 09:18:33,1,7.563708916254955
270,27,339,2023-07-11 17:19:07,4,171.1988662459379
271,27,415,2021-12-19 16:50:04,2,98.98908248752842
272,27,425,2021-07-23 17:31:18,2,54.55847913570186
273,27,336,2023-08-02 23:39:45,3,111.12693568020353
274,27,201,2023-06-26 00:17:20,5,167.48364273285705
275,27,484,2021-08-14 17:05:11,1,18.00023970861528
276,27,7,2022-06-28 13:05:05,2,37.98885479913316
277,27,242,2021-09-28 16:35:07,4,121.3444222557858
278,28,51,2018-08-31 08:37:40,1,37.950789287611265
279,28,348,2021-08-06 01:48:18,3,121.0851868942404
280,28,398,2019-02-13 18:15:22,1,6.105902739654132
281,29,322,2021-04-10 14:29:44,4,135.73190633523583
282,29,240,2020-03-24 18:25:17,4,175.41181869585773
283,29,334,2021-11-15 03:23:25,2,37.089791418228806
284,29,119,2022-03-29 03:18:56,2,26.033118687373676
285,29,403,2020-11-19 11:53:07,3,26.059744682546715
286,29,336,2021-01-31 15:50:10,3,39.07248796521436
287,29,470,2022-03-24 14:08:21,4,188.05912069729948
288,29,474,2023-01-11 10:39:32,1,9.660404796517906
289,29,256,2023-04-10 18:48:18,5,129.375489397344
290,29,48,2021-05-11 12:17:57,4,198.87411416702946
291,29,275,2021-01-05 13:02:31,1,46.69047957462817
292,29,180,2020-09-02 15:51:28,5,166.08170462900975
293,29,394,2023-03-25 05:58:34,3,149.70358934075728
294,30,74,2020-08-04 13:23:58,4,174.69780846447148
295,30,437,2023-05-26 07:07:32,5,31.66965812237691
296,30,212,2017-11-03 09:13:42,1,30.252704271503074
297,31,408,2023-09-19 19:55:51,5,53.329628656052996
298,31,428,2022-09-19 21:18:43,1,33.89536262907636
299,31,370,2022-10-15 02:06:45,4,189.44349337943638
300,31,147,2023-04-15 04:27:26,4,101.60980873520275
301,31,468,2023-03-22 03:29:41,5,91.10217098398181
302,31,408,2023-03-06 19:02:54,4,69.86351731631845
303,31,459,2021-10-26 15:56:22,4,20.981431900986717
304,31,285,2022-03-20 00:54:42,2,53.1512473684672
305,31,495,2023-05-18 10:57:12,5,167.36820653083475
306,31,69,2022-02-04 18:57:48,1,11.256828022389413
307,31,74,2023-10-28 11:29:25,1,15.835094282304173
308,32,96,2021-08-30 05:28:50,4,131.84847707191057
309,32,165,2023-09-04 03:30:49,2,69.51627871527535
310,32,76,2021-08-01 02:12:29,2,86.7513972120017
311,32,3,2021-07-08 02:09:39,4,60.14613734813469
312,32,358,2022-07-17 21:22:44,4,139.22626451399046
313,32,320,2022-02-01 08:27:21,1,38.430378152067654
314,32,13,2022-12-25 14:18:35,5,156.76026045637084
315,32,102,2021-05-23 07:04:55,4,134.81028543055314
316,32,136,2021-08-03 17:58:15,1,42.57395716173458
317,32,60,2022-01-23 13:42:00,4,164.5332459432382
318,32,150,2023-10-03 12:11:48,1,33.81832091871311
319,32,229,2023-06-26 14:50:47,4,49.2307223058968
320,33,156,2021-11-30 02:57:27,4,92.46581780980728
321,33,443,2023-02-03 17:35:41,3,99.94040176273192
322,33,189,2023-09-19 09:16:28,5,48.25542529987754
323,33,398,2023-02-01 17:07:18,2,56.40502924976081
324,33,65,2022-11-02 10:01:05,1,39.11055867358681
325,33,313,2022-07-16 01:57:48,1,3.726038368202418
326,33,283,2022-06-28 09:12:00,5,232.10126906284967
327,33,105,2022-03-07 07:23:15,1,20.72460493643372
328,33,264,2023-02-25 14:59:43,3,96.42913399117975
329,33,123,2022-09-10 09:11:20,4,170.48142268701105
330,33,352,2022-10-11 07:23:18,2,5.681895713280158
331,33,474,2023-03-08 02:26:58,2,58.449025628487774
332,33,155,2022-03-25 16:16:43,4,139.9969679117478
333,33,237,2023-03-14 05:06:38,4,177.14348932225417
334,33,187,2022-09-12 23:43:24,4,153.57659157862284
335,33,40,2023-07-31 00:55:08,5,74.53990822262396
336,33,220,2022-02-02 14:04:39,5,92.47122194194112
337,33,141,2022-02-12 13:07:26,5,112.62977255953268
338,34,408,2018-04-29 12:22:28,4,166.0411598955202
339,34,243,2021-08-12 08:40:47,3,80.02553562265349
340,34,435,2019-08-29 11:58:44,1,46.30562464193078
341,34,100,2020-07-27 07:42:16,5,91.28415049103484
342,34,206,2018-08-04 18:53:29,5,40.51229169443417
343,34,478,2023-10-27 22:28:41,1,14.784560151907778
344,34,391,2018-03-24 03:28:33,1,20.149831873834476
345,34,397,2022-07-01 11:46:34,5,108.3692037728278
346,34,439,2022-02-13 19:06:54,4,51.47875846486453
347,34,40,2021-12-01 11:52:36,4,133.53333088566936
348,34,303,2023-05-20 10:00:28,4,103.96231614054017
349,34,298,2017-12-15 04:55:32,1,9.759000618474113
350,34,405,2016-06-21 22:30:45,3,139.81932461530286
351,34,211,2022-12-16 22:20:27,1,10.828800770960255
352,34,3,2021-06-07 10:04:52,4,35.23152243751527
353,34,3,2018-12-13 08:35:29,3,67.86170494489559
354,34,204,2018-02-20 09:00:56,2,11.628396564554057
355,34,324,2018-02-14 06:57:08,3,64.15009403546297
356,35,479,2023-03-16 18:15:42,2,55.14728883758115
357,35,87,2022-11-27 22:32:28,4,168.46531389655684
358,35,450,2022-04-16 16:34:51,5,153.59415819496905
359,35,280,2022-12-23 21:02:34,1,10.756415111563173
360,35,452,2020-12-22 20:12:11,5,144.2375181380854
361,35,5,2023-03-12 20:14:08,3,139.483753367292
362,35,344,2023-05-17 23:02:15,3,90.62682203859099
363,35,422,2022-07-18 19:53:42,5,166.16475753795152
364,35,338,2023-01-23 08:12:21,4,150.5282905621295
365,35,218,2023-07-01 14:31:02,4,175.2222171625785
366,35,103,2023-06-18 14:04:03,2,80.49505058974152
367,35,184,2021-01-17 20:29:34,2,68.87871064269247
368,35,328,2021-06-29 00:21:25,1,3.81290106234964
369,35,255,2022-02-28 02:41:53,3,114.10806138793617
370,35,197,2023-03-07 16:44:26,5,199.23497000470968
371,36,143,2021-08-27 13:30:12,3,103.4535668006477
372,36,353,2022-05-30 03:14:14,5,243.01932396790758
373,36,497,2023-02-28 05:51:37,3,19.836606708173637
374,36,299,2017-03-18 23:59:55,3,143.02947627836832
375,36,397,2020-08-01 10:37:12,1,26.569508573351932
376,36,88,2020-04-19 01:21:44,4,54.285028796882116
377,36,215,2015-06-11 02:36:28,5,147.78604339638702
378,36,235,2022-09-23 11:37:06,1,24.10555137361008
379,36,474,2018-02-12 08:12:24,3,12.141743142501461
380,36,480,2019-11-16 08:27:20,5,125.94834402899991
381,36,86,2021-11-14 17:27:27,2,50.77519736660406
382,36,464,2016-02-16 14:34:21,4,40.58413122130869
383,36,449,2022-09-02 21:29:47,4,29.265183888719115
384,36,175,2023-08-14 11:23:15,1,16.856782900693453
385,37,57,2022-06-26 07:54:53,1,41.31763124165899
386,38,350,2020-06-20 08:23:28,2,92.37696163736732
387,39,184,2022-10-24 18:27:55,4,25.156067157504864
388,39,58,2022-04-19 08:15:57,5,244.88890756840192
389,40,296,2021-06-16 14:15:34,5,10.343493937622352
390,41,258,2019-06-25 10:54:25,2,86.1037627092078
391,41,417,2021-08-04 23:08:41,2,60.559033904338726
392,41,339,2018-02-15 20:06:15,5,81.06327160626479
393,41,279,2023-10-09 11:03:57,1,15.19962444796785
394,41,272,2021-01-10 01:29:12,4,44.50451658827124
395,41,138,2017-09-08 05:07:03,2,14.143020667156083
396,41,147,2023-07-19 11:59:13,3,19.02773006543787
397,41,481,2020-07-01 01:01:16,4,65.22585745106556
398,41,134,2018-05-17 04:34:32,1,17.354976522908125
399,42,4,2017-08-12 10:28:40,4,76.5436224406678
400,42,233,2023-10-13 19:39:25,3,99.41175541326542
401,42,431,2019-11-12 03:12:04,5,191.7209853101749
402,42,199,2019-06-09 10:31:39,3,27.5686714190746
403,42,295,2020-03-13 13:28:58,4,115.8890075568373
404,42,469,2020-01-09 05:55:23,1,39.26094894442097
405,42,57,2017-07-30 08:05:33,3,129.71342235453906
406,42,324,2016-11-22 09:58:50,3,98.77956475927563
407,42,94,2022-12-21 03:42:07,3,122.32426524005777
408,42,174,2021-02-03 02:59:40,2,31.83363107169699
409,42,297,2016-02-24 15:12:59,3,78.92772707475224
410,42,37,2023-08-31 18:42:00,2,25.24651289794741
411,42,89,2019-10-22 04:48:12,4,192.59972802527417
412,42,103,2022-09-09 08:48:49,1,24.960906417916494
413,42,237,2017-09-11 14:57:27,5,140.71627169454487
414,43,483,2020-03-22 17:52:04,4,59.61655971990372
415,43,85,2022-03-22 12:51:07,4,156.28069075228274
416,43,219,2018-03-08 03:19:20,4,50.015519099007655
417,43,251,2022-07-07 11:48:41,2,34.3532104917247
418,43,306,2019-12-02 21:39:04,3,51.071935468234415
419,43,248,2017-01-28 17:19:00,5,30.73260901537081
420,43,153,2018-08-03 18:34:08,4,159.90083443501828
421,43,32,2021-09-17 22:00:44,3,95.06851412814433
422,43,181,2020-04-13 03:27:12,5,15.89419271826193
423,43,36,2020-05-15 15:58:43,4,34.69584215820746
424,43,261,2020-08-18 15:46:40,1,3.814348999770186
425,43,275,2017-01-15 03:01:54,1,24.709615330075316
426,43,60,2020-08-01 19:48:00,3,6.355979465725742
427,43,283,2022-11-22 07:58:51,4,101.74362614723606
428,43,204,2021-02-28 20:31:55,2,88.8663436787508
429,43,364,2021-02-14 12:02:42,5,173.92699910419458
430,43,279,2020-04-25 17:03:31,2,66.71591524948653
431,43,467,2023-06-27 04:10:22,5,14.604444705922868
432,44,65,2022-08-22 16:07:33,5,134.70161941309
433,45,11,2018-10-02 17:22:46,5,49.2154391707399
434,45,47,2020-12-01 22:42:20,3,22.593881676938743
435,45,33,2023-08-29 11:25:29,5,140.98900335832914
436,45,312,2018-08-26 15:40:56,5,104.0809259287575
437,45,222,2018-08-18 16:29:09,1,14.402055603065666
438,46,452,2021-08-02 19:12:13,3,34.72638415566023
439,46,454,2022-04-09 12:06:47,4,102.55967638911392
440,46,284,2020-10-27 00:01:15,4,78.57032649002842
441,46,206,2021-03-22 19:58:35,1,34.95334761221187
442,46,346,2020-11-15 15:03:58,3,92.4749397797646
443,46,405,2023-05-16 11:23:12,1,27.945688213842264
444,46,405,2020-11-21 16:50:49,2,65.29529114412398
445,46,248,2020-04-10 08:37:07,5,215.2930560387348
446,46,286,2021-09-10 01:14:26,1,37.339986778076074
447,46,52,2019-05-15 10:21:13,4,168.5047968490092
448,46,297,2020-09-25 14:52:15,5,90.21459125601906
449,46,482,2021-07-17 10:18:33,3,73.11369744039013
450,46,244,2022-03-19 20:59:27,1,29.07143995557672
451,46,448,2023-05-06 16:24:45,2,98.93636789445526
452,46,248,2023-11-01 04:37:26,4,113.42585845860565
453,47,473,2018-08-29 05:00:11,5,184.84493105115843
454,47,220,2019-04-27 20:41:27,2,95.39258612833561
455,47,325,2018-10-31 08:37:46,1,36.741017184573494
456,47,137,2018-06-12 04:50:33,3,98.25191631103178
457,47,144,2017-03-02 01:11:49,1,45.443476995739964
458,47,252,2018-05-17 18:58:04,1,34.15491155570484
459,47,131,2023-04-23 20:40:19,4,171.09476062623742
460,47,461,2020-07-25 05:55:58,5,220.67781762634098
461,47,495,2018-06-22 13:28:38,4,60.44097571918997
462,47,429,2022-09-04 02:20:23,2,28.682521930686477
463,48,300,2022-04-22 19:55:41,4,34.86531586789668
464,48,495,2022-04-01 17:34:38,4,184.31935953516103
465,48,333,2022-05-25 08:56:50,2,23.06473889542018
466,48,481,2022-07-18 17:57:56,3,108.93739636823722
467,48,449,2023-10-23 04:08:32,5,131.2455099421914
468,48,388,2021-07-12 10:28:38,3,40.98283643995989
469,48,270,2022-12-14 22:35:35,4,65.60947334239714
470,48,391,2021-11-07 01:25:37,2,75.99191734588133
471,48,244,2021-11-22 17:07:27,3,103.92811770409493
472,48,457,2021-11-07 09:44:26,1,7.036495397251667
473,48,490,2021-11-06 11:20:33,2,62.34277766639787
474,48,495,2021-12-28 20:18:06,3,82.27036721302579
475,48,472,2022-04-18 03:43:48,5,148.610619238753
476,48,115,2022-06-18 20:12:27,4,169.7138943428404
477,48,119,2021-10-12 18:34:00,1,23.57575673420075
478,48,385,2023-03-26 20:17:18,5,25.419621314895604
479,49,181,2021-03-23 04:56:02,1,33.590931659369964
480,49,227,2020-07-20 06:38:12,4,118.8388787985737
481,49,295,2022-11-09 10:24:09,1,48.41214262808977
482,49,315,2018-12-15 23:51:42,3,128.59278847533886
483,49,301,2017-04-03 15:03:14,3,53.20902785949829
484,49,227,2017-04-07 02:33:39,2,84.14666674941869
485,49,493,2018-03-21 04:20:01,2,62.24614638944173
486,49,23,2022-08-11 21:35:37,3,109.98072004774093
487,50,43,2021-08-22 10:30:47,4,94.35712042706713
488,50,82,2020-09-01 21:44:23,3,124.98418558427899
489,50,257,2022-11-27 23:29:45,3,31.44976899593842
490,51,457,2022-12-03 09:31:20,5,193.3786089702083
491,52,127,2018-06-07 02:05:10,4,21.213804383066133
492,53,119,2022-05-24 22:53:00,4,75.7084218909161
493,53,278,2019-03-18 03:22:07,4,175.92288103705374
494,53,409,2020-04-07 16:40:18,4,21.147511536552404
495,53,105,2021-06-02 10:50:58,3,67.9190713540061
496,53,454,2021-02-08 07:29:14,4,17.35868417640564
497,53,167,2022-06-15 06:33:25,1,21.77434937503436
498,53,191,2022-01-24 15:42:03,2,68.19857734892756
499,53,485,2021-11-09 11:59:18,3,131.84237888417272
500,54,219,2018-11-20 13:54:41,2,78.18382601140497
501,54,307,2018-03-09 13:05:35,5,178.0070311646631
502,54,217,2021-12-23 14:14:59,4,89.21868637375078
503,54,440,2020-06-12 02:04:37,5,103.66017228902703
504,54,394,2019-06-06 18:33:15,5,217.84226692702717
505,54,377,2023-09-28 07:32:15,1,26.07321543190209
506,54,185,2023-03-20 01:20:09,2,30.801819775591895
507,54,298,2022-12-29 16:12:19,1,21.189012468545346
508,54,191,2020-10-21 03:25:21,5,43.60652130870239
509,55,402,2021-06-10 07:42:20,4,12.036713900905957
510,55,44,2020-02-10 09:36:29,4,42.8615388964463
511,55,377,2021-08-20 09:08:24,1,7.913977420901384
512,55,273,2023-01-06 08:32:26,2,64.29314298646148
513,55,69,2020-10-13 22:47:54,4,179.5377450735506
514,55,467,2020-05-29 17:56:56,1,48.715863356525645
515,55,287,2023-03-19 22:07:56,2,71.99457531109768
516,55,404,2021-09-05 21:31:26,3,104.30471428429033
517,55,22,2020-07-09 01:21:52,2,83.77014570149657
518,55,22,2021-06-20 05:23:26,1,4.600356226768742
519,55,388,2020-08-09 19:59:47,3,83.50715882132253
520,55,325,2021-12-13 21:45:07,5,35.187958236597446
521,55,87,2019-11-24 11:48:27,2,95.80408724442619
522,55,267,2021-08-17 20:21:12,3,112.21757737282768
523,55,306,2021-05-14 23:21:48,2,23.44037591837315
524,55,435,2023-08-05 01:10:02,3,110.02422597922317
525,56,321,2020-12-11 22:21:24,2,17.802046511825544
526,56,223,2021-05-17 20:45:00,4,105.70873875842068
527,56,171,2020-01-01 16:33:59,5,186.8912958636136
528,56,47,2020-05-17 07:41:27,3,114.94309526500768
529,56,463,2018-06-03 01:12:03,1,46.778500960886966
530,56,67,2022-07-25 00:43:39,2,60.91680864219007
531,57,285,2021-12-23 01:04:28,2,60.4360160350051
532,57,495,2023-02-06 13:40:22,4,31.251030756125658
533,57,318,2022-08-04 13:47:10,2,69.79616542023757
534,57,163,2023-08-31 00:05:54,1,1.7449382106214917
535,57,28,2021-11-06 10:37:54,2,11.297270477198857
536,57,389,2021-12-30 00:51:15,5,188.19279190187552
537,57,331,2022-01-27 12:56:33,4,170.2301197855353
538,57,66,2023-10-17 13:18:43,1,40.951274374665196
539,57,69,2022-05-25 03:38:48,1,43.655636087366155
540,57,154,2022-09-20 02:22:39,5,19.62162597394325
541,57,400,2022-03-12 18:47:36,3,63.07939648267623
542,57,88,2021-06-17 03:33:47,2,52.43389577786597
543,58,349,2019-06-20 11:51:06,4,82.99411863555376
544,58,389,2020-03-15 07:41:39,2,30.021945267858076
545,58,65,2023-03-31 18:57:02,5,217.0817725748504
546,58,238,2020-11-21 18:53:08,3,133.12117189738458
547,58,237,2020-12-25 04:53:28,1,46.10423294626518
548,58,139,2023-04-19 19:50:10,2,42.55586813149785
549,58,78,2018-05-15 17:57:53,1,11.96524565066253
550,58,456,2017-06-14 18:46:02,3,69.98684476859432
551,58,485,2023-06-07 12:44:24,2,18.940523066203856
552,58,354,2020-11-10 10:23:22,4,148.1071132125614
553,58,255,2020-09-06 23:26:31,3,76.57250647974286
554,59,339,2023-05-08 12:57:53,2,49.04778306836486
555,59,67,2021-11-14 13:15:45,2,33.57850249650764
556,59,101,2023-04-01 19:16:28,2,70.6421812486737
557,59,434,2023-10-31 18:09:45,3,74.02693533804263
558,59,462,2022-01-21 09:16:43,1,2.772564024107565
559,60,362,2016-08-12 21:56:49,5,48.36072286357751
560,60,250,2017-02-26 03:50:33,2,77.82811767241017
561,60,264,2016-12-03 05:36:06,4,112.22598442836092
562,60,387,2018-04-28 10:32:30,2,71.90748718403509
563,60,379,2016-09-08 08:10:10,3,69.63665578948347
564,60,278,2018-05-15 20:31:04,3,52.1941365210995
565,60,144,2016-08-04 19:35:59,4,67.78430535400354
566,60,388,2019-08-09 09:34:56,5,196.74465090751727
567,60,454,2020-07-06 22:18:58,2,15.350720539452176
568,60,6,2018-01-17 08:17:21,5,128.77493781434623
569,60,343,2022-08-10 07:10:56,2,75.95181907132651
570,60,402,2023-03-10 20:09:40,4,112.12592616846281
571,60,293,2021-08-23 15:16:51,3,79.70085575840699
572,60,485,2023-07-23 14:00:13,5,129.36181583041397
573,60,419,2021-04-07 03:14:37,5,61.1738617201583
574,60,118,2019-02-08 20:35:13,1,12.67467332989498
575,60,44,2017-05-05 11:26:45,2,19.16114349839089
576,60,468,2021-05-12 22:55:19,3,133.7858218810635
577,60,161,2022-09-13 12:21:52,2,34.74821673364485
578,60,177,2019-12-07 22:51:17,4,155.64943561522543
579,61,34,2023-01-04 17:18:06,4,14.191261971304511
580,61,423,2023-09-20 23:38:22,3,41.90461996664074
581,61,50,2023-08-11 04:00:31,1,47.45196178946263
582,61,194,2023-03-16 19:59:06,4,88.67253490477667
583,61,5,2023-08-12 09:23:52,4,69.80824182779074
584,61,454,2023-04-26 03:26:26,1,8.909996733090956
585,61,218,2023-07-08 01:59:51,3,144.37031387640616
586,61,492,2023-08-12 00:01:01,1,19.167575839305048
587,61,169,2023-03-27 14:53:50,1,21.350626181499074
588,61,226,2022-10-17 14:04:47,4,185.64397195474592
589,61,118,2023-02-28 17:06:21,3,100.35990828531945
590,61,483,2022-09-16 08:02:11,4,172.69421152735617
591,61,284,2023-10-19 16:53:07,3,104.05491728291554
592,61,115,2022-09-17 00:36:51,2,58.06268171223107
593,61,67,2023-01-20 08:51:40,3,34.66731718758388
594,61,43,2022-12-08 11:43:41,3,106.35366064815145
595,61,205,2023-02-04 14:28:00,1,35.16552965681236
596,62,295,2021-11-20 00:24:52,3,56.853483282625525
597,62,482,2023-01-02 08:50:20,4,149.30184061224426
598,62,121,2023-09-11 13:57:12,4,197.29560293979776
599,62,468,2023-06-29 21:54:05,5,123.61167841862765
600,62,477,2022-02-20 16:34:14,2,11.877800434260795
601,62,63,2022-07-03 08:14:23,3,79.55569305363679
602,62,253,2023-05-13 00:01:18,3,4.795114478152881
603,62,25,2023-10-07 15:38:05,2,43.60285530626479
604,62,169,2023-01-31 10:52:52,3,84.63147256874163
605,62,490,2023-04-23 11:10:24,5,224.20297034161834
606,62,76,2023-07-28 19:59:59,5,17.161937425892287
607,62,435,2023-09-10 05:32:28,1,2.811865526852338
608,62,392,2023-07-27 23:40:50,4,55.544463948027754
609,62,4,2022-06-18 10:16:38,5,179.21943650812983
610,62,236,2022-09-03 08:08:08,4,115.09645055434079
611,63,484,2022-08-05 22:43:51,5,45.58551879309695
612,63,403,2021-03-14 07:28:55,4,165.49051756399132
613,63,405,2019-01-28 04:28:42,4,90.79000368531955
614,63,266,2020-06-02 19:41:50,5,71.26621486143128
615,63,275,2020-07-13 17:46:47,1,37.142028827401646
616,63,368,2023-07-08 17:59:02,5,242.64514676447592
617,63,327,2022-07-24 04:40:40,4,6.826724956324346
618,63,186,2020-12-24 13:33:37,4,66.91845715267031
619,63,130,2023-05-23 07:21:37,1,25.87418956058825
620,63,168,2023-05-04 14:02:54,4,186.3893264500898
621,63,93,2019-04-24 07:29:26,2,72.90739985946867
622,63,491,2020-03-30 22:15:11,4,21.465793429610713
623,64,80,2017-05-26 18:27:08,5,112.1038659227045
624,64,157,2020-09-09 12:18:18,1,48.702167853105465
625,64,165,2019-08-15 00:34:53,2,24.494993741321476
626,64,467,2020-06-23 08:54:18,4,108.6278509421742
627,64,304,2018-01-31 13:18:21,4,152.6597320334351
628,64,393,2021-08-12 11:34:45,1,36.740348281959875
629,64,389,2018-03-09 16:17:11,5,247.23106358346985
630,64,406,2019-09-18 21:48:29,5,164.16873894289682
631,64,318,2020-01-09 00:02:45,5,153.9437721582679
632,64,259,2023-04-08 15:44:10,3,22.35076276703309
633,64,145,2018-11-18 17:17:20,1,8.364046410605244
634,64,399,2017-10-14 12:18:37,5,116.1869210577666
635,64,320,2022-04-05 07:34:11,3,25.20239280313828
636,64,352,2022-06-15 18:54:38,5,178.89625779920917
637,64,138,2019-04-08 13:32:02,5,89.82436904643826
638,64,241,2021-04-10 05:07:36,4,184.1610665464917
639,64,171,2021-06-08 11:19:28,3,34.756046201317545
640,64,268,2019-02-06 10:44:55,3,24.48466455973336
641,65,308,2023-08-06 12:04:12,4,56.687767754058946
642,65,358,2022-01-11 21:50:02,1,38.11292957511471
643,65,53,2023-07-17 14:17:49,1,41.488463671765444
644,65,331,2020-04-03 05:00:51,2,70.10466358787222
645,65,145,2023-06-16 13:00:53,4,78.76152994956124
646,65,98,2021-03-04 09:56:48,5,72.42379587160957
647,65,176,2020-12-17 03:57:16,3,102.79886227411433
648,65,189,2021-01-02 13:52:56,3,112.72783520772012
649,65,177,2022-04-18 01:17:15,5,144.73280806218295
650,65,42,2023-01-22 19:37:45,1,46.060436828786884
651,65,188,2023-05-27 20:11:40,1,48.090371068456506
652,65,379,2022-01-05 04:40:22,3,82.17140366859476
653,65,38,2021-11-17 09:42:11,3,67.19880500785277
654,65,356,2021-09-07 15:23:52,2,50.57428023606799
655,65,322,2022-05-19 08:53:03,3,110.36349840541808
656,66,422,2018-09-11 10:35:27,5,53.22550411326682
657,66,402,2021-05-05 23:40:48,5,152.94917240433188
658,66,419,2020-04-15 09:53:19,1,15.067904345655888
659,66,260,2021-11-19 12:08:59,3,149.71288313220367
660,66,354,2020-06-19 21:58:10,4,22.799769117958633
661,66,300,2021-02-24 16:35:47,1,8.402676754227294
662,66,116,2019-11-17 18:24:42,5,205.84210577006644
663,66,198,2020-06-11 11:56:41,4,37.35734311200767
664,66,189,2020-02-25 04:42:12,5,216.82107582083404
665,66,256,2019-08-16 02:26:51,5,36.648465080313585
666,66,117,2021-12-25 17:41:00,5,182.31011058726108
667,66,161,2021-01-26 19:55:14,4,165.35415139849817
668,66,404,2019-11-28 08:07:28,5,112.02981462256055
669,66,495,2020-12-28 00:22:57,2,22.216547595166492
670,66,394,2019-10-21 09:15:25,5,17.325983341467207
671,67,116,2022-07-05 07:24:52,5,80.07464880339523
672,67,242,2023-09-20 22:04:34,3,120.54277620967966
673,67,472,2023-01-18 00:33:49,1,49.60305787567339
674,67,322,2022-12-21 00:01:01,3,14.431780094102297
675,67,60,2023-04-28 10:07:16,2,76.80749997465439
676,67,238,2023-04-29 02:21:35,3,121.7195038177409
677,67,109,2022-05-04 02:51:45,2,38.65480859524196
678,67,357,2022-01-15 21:53:00,3,4.625587195238434
679,67,314,2023-08-21 17:23:44,1,36.24461268903956
680,67,395,2021-12-03 16:21:55,1,33.30982826886619
681,67,248,2023-10-14 14:37:44,1,25.779195532850594
682,67,387,2021-09-29 00:35:58,1,27.72316070726541
683,67,198,2021-03-23 16:53:54,1,34.2990893598709
684,67,132,2021-11-06 18:57:32,4,17.534289630619476
685,67,395,2021-11-11 06:54:32,1,37.10743235237372
686,67,116,2022-03-24 00:25:40,3,74.21800763439145
687,67,442,2022-11-28 10:17:52,3,75.0507066328294
688,67,35,2021-03-19 16:04:10,4,140.58454186528573
689,68,181,2023-06-21 23:01:02,3,127.29627022957432
690,68,23,2021-01-05 09:36:42,5,216.49244036895934
691,68,67,2021-01-29 20:33:51,5,181.9986540620255
692,68,201,2021-12-13 05:31:15,4,140.86292674144724
693,68,178,2022-09-22 15:33:33,2,35.97856511999614
694,68,38,2021-08-01 06:58:26,3,38.20507834058216
695,68,455,2022-01-10 19:07:21,5,84.27922112697964
696,68,5,2021-02-10 00:46:19,5,44.63989098399693
697,68,419,2022-03-28 22:41:08,1,13.001917663783855
698,68,257,2022-04-11 08:37:55,2,98.63304353588111
699,68,130,2023-10-15 00:43:09,3,100.25382894709715
700,68,398,2022-07-05 04:03:19,2,3.711082661049322
701,68,331,2022-09-14 14:30:31,5,197.66713586053342
702,68,332,2023-07-07 21:38:31,1,28.780400120072837
703,68,20,2023-10-04 15:05:59,1,29.047894671095357
704,68,484,2021-12-11 20:47:07,3,125.15392983789873
705,68,417,2020-07-28 22:34:50,4,69.99950483390805
706,69,156,2019-08-12 10:29:38,3,89.80215207420422
707,69,222,2018-03-13 17:10:35,4,148.01781054777732
708,69,152,2019-07-24 13:27:19,5,208.81404248155275
709,69,1,2018-11-27 10:17:26,2,98.22915887396296
710,70,84,2022-11-20 18:06:55,4,15.986035178829674
711,70,153,2023-01-20 18:09:49,4,33.4235717508231
712,70,138,2023-05-01 23:06:08,3,96.97305680989855
713,70,91,2022-12-29 08:44:42,1,11.836752447520226
714,70,151,2023-06-07 09:06:18,5,128.18567791894787
715,70,247,2022-07-21 10:58:53,3,72.62625232042612
716,70,92,2023-07-09 14:42:13,3,33.87637984861547
717,70,146,2023-01-21 13:03:55,1,8.7855895771566
718,70,96,2023-07-05 04:04:59,4,15.082639524908762
719,70,394,2022-08-03 04:40:15,4,15.064332933804987
720,70,458,2022-09-24 14:40:20,3,67.60749797037943
721,71,157,2016-10-22 23:19:51,2,7.2774112487872396
722,71,319,2020-05-23 03:53:07,2,90.69967333731435
723,71,379,2023-07-27 00:07:03,1,40.61311157302268
724,72,131,2018-11-09 10:34:39,3,136.21533700431482
725,72,334,2020-01-05 14:57:50,1,34.02515644222638
726,72,291,2019-06-08 05:55:09,2,41.80722381612612
727,72,417,2023-10-21 16:17:26,3,142.4934530358738
728,72,218,2018-08-03 13:30:30,5,35.4229900545417
729,72,46,2020-02-20 06:09:00,5,154.66180208168765
730,72,120,2019-08-19 03:19:20,3,35.80148205866142
731,72,469,2019-08-31 00:19:30,5,66.54378761687667
732,72,396,2022-08-01 23:28:22,4,125.99568903679742
733,72,353,2020-08-02 00:08:51,5,215.779364434175
734,72,386,2021-12-31 05:54:29,3,124.36790522600671
735,72,106,2021-02-11 21:25:38,1,1.9200278857573234
736,72,210,2018-12-31 07:41:42,3,147.99361017644247
737,72,188,2018-12-28 15:59:47,3,135.92040895349533
738,72,464,2022-12-17 06:47:46,3,33.29389635746176
739,72,94,2018-07-31 03:19:59,5,50.91843728570548
740,72,308,2023-02-28 10:22:54,1,33.053206857592116
741,73,437,2023-06-10 22:30:40,2,47.68893921058105
742,73,159,2019-12-21 02:46:06,4,110.77307983323854
743,73,146,2017-10-01 02:53:02,4,142.27774365809228
744,73,54,2020-05-23 03:03:11,4,154.30983282415988
745,73,189,2022-11-21 10:16:02,1,26.928931475216697
746,73,44,2019-05-14 20:42:56,4,181.31562083084478
747,73,292,2017-07-03 07:38:27,3,138.3099670396163
748,74,301,2022-09-14 20:00:58,5,154.8362119246678
749,74,95,2023-04-29 17:03:19,1,9.487192748878996
750,74,144,2023-10-30 05:09:07,4,35.816826304856875
751,74,63,2023-03-13 22:26:29,1,16.10009418590403
752,74,339,2022-09-07 01:14:40,4,139.04344617578403
753,74,207,2022-07-03 02:53:15,2,69.72099849476842
754,74,302,2022-02-21 02:22:58,2,94.33309861988104
755,74,148,2021-08-27 00:32:45,3,87.09350754932095
756,74,214,2022-04-22 19:59:43,3,88.99813732784887
757,74,414,2021-11-13 12:05:30,2,34.792574125969836
758,75,390,2020-06-19 14:15:06,1,12.193243749883408
759,75,118,2020-08-06 22:09:31,5,150.45990601994936
760,75,76,2021-09-24 04:27:18,5,50.858274467617406
761,75,66,2020-05-15 20:46:09,1,30.85477410548519
762,75,130,2020-04-08 09:46:57,2,81.96481056603214
763,75,44,2022-09-19 05:47:56,4,18.888611652748427
764,75,217,2022-04-04 00:14:03,1,16.43125397570915
765,75,433,2021-01-07 03:38:19,5,145.3803372041106
766,75,357,2022-05-26 18:47:27,1,23.501543413626212
767,75,90,2019-12-02 10:25:12,1,39.74827775300618
768,75,462,2022-05-21 15:04:06,4,153.68335126869349
769,75,74,2023-02-27 02:06:42,1,17.186830371168817
770,75,343,2023-05-15 03:14:33,4,78.12929659504194
771,75,198,2021-04-02 23:53:26,3,103.24721932400973
772,75,15,2021-09-13 10:25:46,4,172.49755043925822
773,75,411,2022-02-11 04:57:54,1,5.372298681663697
774,76,467,2018-09-03 11:32:12,5,72.32841501273643
775,76,168,2021-02-22 08:46:49,3,131.52941977031534
776,76,337,2021-09-02 23:01:50,1,43.88808790151621
777,76,107,2021-05-06 20:34:05,2,57.94621332913809
778,76,440,2022-06-02 22:08:08,3,141.76859688574473
779,76,11,2023-07-04 11:24:50,2,12.11893018371941
780,76,159,2023-08-28 07:02:48,2,54.98577869436766
781,76,479,2021-03-23 12:46:27,2,96.73109989595902
782,76,108,2018-04-08 18:26:43,4,183.54729498133955
783,77,444,2021-03-22 06:01:05,1,44.23518427143916
784,77,447,2023-05-30 05:27:34,4,47.9008445945531
785,77,390,2019-08-16 23:57:37,4,73.70824120207878
786,77,296,2020-07-06 00:09:16,4,94.89519856330823
787,77,333,2018-12-26 07:37:27,3,125.42885735291743
788,77,413,2020-02-13 01:59:26,5,56.80065844459997
789,77,488,2019-06-11 16:16:19,1,33.866030806212585
790,77,488,2019-03-07 20:42:19,4,154.7389526518926
791,77,52,2023-10-28 11:30:11,3,99.51340801944264
792,77,362,2022-05-23 18:18:20,1,29.893964510637907
793,77,312,2021-05-24 13:08:37,5,22.818248260335643
794,77,44,2020-03-31 11:14:20,4,180.06661399819203
795,78,288,2022-10-31 10:47:38,5,30.87979548147427
796,78,123,2022-11-03 10:29:56,2,71.86159429655879
797,78,350,2023-09-16 05:33:40,3,66.30925228968827
798,78,276,2023-11-01 10:56:07,1,13.950916467064976
799,78,236,2023-01-03 07:28:41,1,45.45578996927453
800,78,257,2023-05-04 05:07:49,2,48.96707098567092
801,78,312,2022-10-13 19:24:53,5,226.3142139710488
802,78,354,2022-09-28 07:03:19,4,73.31886133828975
803,78,363,2019-01-23 11:30:13,3,54.04160258920848
804,79,162,2020-06-05 14:15:22,4,114.0170408715338
805,79,273,2020-12-17 05:36:37,3,128.66159058387748
806,79,115,2018-10-22 14:27:09,1,10.756268419911416
807,79,117,2021-07-13 15:56:38,4,28.21140761509569
808,79,346,2021-08-31 06:50:13,1,46.479109223469095
809,79,28,2018-11-17 23:04:55,3,94.18416706566062
810,79,357,2021-07-01 23:33:36,3,27.48038637339706
811,79,243,2019-08-05 22:35:02,3,90.91994511515259
812,79,10,2020-12-26 01:28:37,4,79.14496574758496
813,80,102,2018-09-15 01:19:46,2,56.82549890227657
814,80,236,2018-04-12 10:53:08,4,148.28678358043547
815,80,66,2018-01-10 00:26:30,4,144.4906183906634
816,80,358,2022-12-13 18:12:47,1,44.05767248677759
817,80,275,2019-10-11 11:55:17,2,41.02510671637684
818,80,442,2022-03-27 07:50:19,2,11.655637762259023
819,80,282,2022-07-19 21:42:16,3,39.784096098576526
820,80,249,2018-06-08 18:02:05,5,202.05948178208016
821,80,492,2019-05-22 02:00:39,1,11.825456532450598
822,80,362,2018-04-14 11:07:54,5,117.27953514755808
823,80,1,2019-09-27 00:28:32,3,60.25807521738753
824,80,213,2023-04-05 17:59:29,1,39.98036376861642
825,80,310,2018-08-06 13:12:14,5,67.15687615254494
826,80,421,2023-03-15 11:51:34,3,16.89144667305861
827,80,276,2023-08-12 15:48:20,3,106.03286748041825
828,80,269,2019-02-07 07:01:01,4,40.641804128407884
829,80,293,2021-01-01 17:25:26,4,113.12328482210826
830,81,491,2023-08-18 10:50:34,1,38.925940991298155
831,81,261,2023-05-26 21:50:14,3,143.22332450231096
832,81,186,2023-04-30 07:56:42,5,54.203528426339105
833,81,389,2023-11-01 11:17:53,3,19.887256553807138
834,81,176,2023-07-25 02:54:12,3,141.05461847345828
835,81,461,2023-04-05 05:43:58,3,45.30286237698048
836,81,465,2023-04-23 13:24:03,1,21.911388213406816
837,81,57,2023-04-29 10:04:39,4,195.5698946825563
838,81,154,2023-03-13 20:50:51,2,37.45161501636725
839,81,310,2023-10-14 13:49:17,3,7.893055141248115
840,82,461,2022-01-08 18:44:08,2,73.7028284748052
841,82,397,2017-02-02 09:57:31,2,47.34131400961313
842,82,313,2017-10-17 04:58:34,4,33.9479762635391
843,82,92,2016-10-29 10:28:04,3,53.366135161564074
844,82,305,2018-12-26 00:51:54,4,150.94832247015918
845,82,174,2017-07-30 16:43:22,2,20.123752192490883
846,82,346,2019-11-04 15:51:24,5,139.33845361021181
847,82,26,2020-01-31 21:40:09,5,74.1187186426284
848,82,300,2022-02-12 12:22:13,3,107.57053206705024
849,82,372,2017-06-20 03:04:09,3,101.00104710385367
850,82,320,2022-05-28 12:08:05,1,13.18278113262579
851,82,163,2020-05-10 18:37:21,5,186.0181629013488
852,82,360,2017-08-18 12:08:02,1,1.556513223071173
853,82,203,2016-04-03 14:06:54,4,184.62751509749725
854,82,69,2018-08-22 18:06:35,4,186.7976826893114
855,82,2,2020-07-18 10:47:03,3,81.0472160097345
856,82,296,2016-02-16 02:47:50,4,94.59853059972754
857,83,381,2023-07-19 00:30:25,2,55.14692367088605
858,83,220,2023-02-27 03:49:17,1,11.18520785173665
859,83,18,2021-12-08 07:23:07,4,172.33355954615854
860,83,130,2023-07-12 14:13:14,1,42.56888830926667
861,83,8,2022-04-09 13:51:30,3,132.23797635471846
862,83,110,2022-04-09 00:06:46,2,46.47196918261928
863,83,334,2022-06-12 07:53:16,4,101.67539171861107
864,83,432,2021-10-30 00:20:47,2,68.85734968297022
865,83,328,2023-09-15 20:58:34,5,170.88296367456587
866,84,170,2016-01-02 15:50:40,3,140.94739038053373
867,84,327,2023-06-16 09:23:54,1,5.874359708732217
868,84,403,2018-09-09 15:05:57,2,64.67489565388931
869,84,373,2023-02-05 02:08:09,1,36.08160951617449
870,84,37,2022-11-17 16:05:56,4,122.04370465179389
871,84,278,2021-01-06 01:16:01,5,24.754527704828988
872,84,214,2023-01-12 12:46:39,2,79.38298869067738
873,84,456,2021-07-14 11:33:33,3,133.77170433346117
874,84,97,2020-02-28 08:50:06,1,7.004429590388206
875,84,426,2020-05-17 06:28:19,4,110.29967057863097
876,84,200,2020-06-14 14:18:20,3,108.97872024196491
877,85,494,2020-10-18 11:00:31,2,55.9602376476997
878,85,384,2021-12-01 17:37:42,5,220.1226286975846
879,85,363,2020-10-25 10:35:14,3,91.97055712692841
880,85,160,2022-02-16 10:22:46,3,24.28594058239587
881,85,133,2021-05-11 18:22:16,5,126.05673660477336
882,85,80,2021-11-24 03:42:26,4,87.47664573633597
883,85,264,2022-11-19 09:41:40,4,134.4369343054032
884,85,351,2022-10-03 21:59:02,3,21.02827226834193
885,85,229,2021-06-13 17:51:07,1,40.17315185048235
886,85,313,2022-03-15 00:11:39,5,197.8265390325081
887,85,371,2021-01-08 23:21:40,5,69.70022034346397
888,85,488,2020-04-15 13:46:21,2,30.70512885189413
889,85,246,2021-10-27 05:57:05,1,40.19261200481973
890,85,375,2023-07-03 03:22:09,4,71.01379818800748
891,85,494,2020-02-08 18:10:36,3,59.19068139020436
892,86,95,2022-04-05 07:02:19,4,71.95264502795264
893,86,286,2020-09-29 11:37:13,2,34.675263461074536
894,86,57,2022-10-01 05:46:58,2,42.897757232164885
895,86,41,2021-12-03 07:11:41,4,120.1959747314836
896,86,343,2022-01-03 09:30:55,2,27.981281588367427
897,86,343,2023-06-20 04:29:54,4,185.7067596160985
898,87,213,2020-08-21 04:07:29,1,7.195596696622572
899,87,61,2022-01-21 17:18:27,5,208.61518097184444
900,87,179,2023-09-23 05:54:04,5,89.9169483930551
901,87,367,2023-01-15 16:29:52,1,38.503081180159285
902,87,306,2021-09-30 22:13:39,3,100.31066846535109
903,87,361,2020-05-01 22:05:55,1,36.10102696344584
904,87,421,2023-02-22 09:38:00,5,9.193238550297927
905,87,1,2022-08-02 05:58:01,2,90.00597143593103
906,87,202,2018-06-01 00:54:09,5,137.7782603146881
907,87,425,2021-05-16 12:19:22,5,170.1320618285481
908,87,107,2023-09-15 17:09:50,4,49.22270321158702
909,87,410,2018-03-23 09:19:32,2,42.49198465616934
910,87,26,2020-04-12 12:12:58,5,120.61632415316356
911,87,147,2023-02-14 01:14:31,5,36.27958886518284
912,87,362,2022-09-07 06:11:05,3,7.796902289151135
913,87,268,2019-07-13 06:23:44,3,63.9808820762736
914,87,422,2023-08-07 23:49:46,3,99.54892123444735
915,87,296,2022-03-03 04:46:27,4,7.666764186727212
916,88,238,2018-12-09 12:14:46,1,4.507933213024228
917,88,31,2017-09-28 18:55:44,1,16.556216445058773
918,88,426,2017-10-18 03:59:22,2,45.206463360072505
919,88,445,2022-02-23 21:14:14,4,128.96191994733596
920,88,270,2021-09-15 14:55:54,5,41.71660961594742
921,88,381,2021-01-17 19:23:18,5,39.32983127860391
922,88,442,2022-12-22 17:50:24,4,88.05287569094801
923,88,75,2020-12-05 04:19:21,2,98.02388961692627
924,89,480,2021-08-04 06:21:19,3,70.11262293503702
925,89,249,2022-08-06 14:04:56,2,43.027157505326215
926,89,374,2018-02-22 06:44:10,3,6.903768520935984
927,89,15,2020-06-04 17:48:46,5,161.85002174307286
928,89,439,2016-12-13 00:14:54,3,81.23271683655469
929,89,194,2021-05-03 09:33:53,4,72.73010218916265
930,89,331,2020-05-03 00:02:51,2,67.24757495893938
931,89,308,2019-11-29 05:22:30,5,126.7593592470505
932,89,357,2019-07-11 20:35:31,1,48.7874681047806
933,89,292,2020-01-06 10:36:02,1,44.10010119444718
934,90,486,2020-06-22 00:31:01,1,5.489229840735692
935,90,370,2018-01-13 01:09:22,1,36.5816958284074
936,90,376,2016-06-25 06:52:57,3,121.84364416076997
937,90,230,2021-06-22 05:46:46,5,248.5598397962265
938,90,272,2019-02-20 19:58:13,1,23.46882788694084
939,90,423,2018-03-20 22:02:12,4,48.19476065057813
940,90,81,2023-08-15 05:22:22,1,21.496164547603215
941,90,83,2019-07-14 10:54:14,2,26.677495268902113
942,90,292,2023-06-15 07:03:06,4,74.50049402053375
943,90,373,2016-12-17 23:59:05,2,62.78892025817235
944,90,406,2019-03-14 19:58:31,5,26.574302522860993
945,90,281,2021-01-28 15:13:04,3,5.688102202707764
946,91,148,2022-08-12 08:54:57,3,74.54074105060242
947,91,326,2022-05-28 01:36:33,4,143.65459162541876
948,91,212,2022-08-21 18:41:26,1,46.85659329197033
949,91,231,2022-07-23 10:50:12,2,79.42223562485812
950,91,123,2023-05-06 15:33:47,4,110.33295376251077
951,91,236,2023-10-26 10:43:16,5,159.82246978374775
952,91,243,2023-05-31 17:36:18,2,96.14731173617203
953,91,458,2022-05-28 16:06:11,5,242.6289330783615
954,91,115,2023-03-09 09:37:46,1,15.35918542179758
955,92,373,2021-07-06 04:37:14,4,148.06364422063464
956,92,413,2021-11-08 19:51:33,3,39.427233275278525
957,92,438,2022-01-26 13:07:15,4,186.44749559689677
958,92,362,2022-10-11 13:34:50,4,87.07606283913064
959,92,71,2022-11-06 20:25:14,3,140.3196794845916
960,92,176,2023-11-04 12:53:22,5,74.7552778433103
961,93,434,2023-05-29 08:42:41,5,126.72787372149844
962,93,178,2022-06-24 07:03:54,5,126.1820746320846
963,94,390,2021-01-29 00:23:48,2,72.58139929124413
964,94,291,2023-08-13 16:19:07,2,43.215900053416334
965,94,474,2019-04-25 04:12:38,3,116.88206850817042
966,94,488,2023-03-13 06:43:46,2,43.566171173631325
967,94,147,2021-05-26 13:24:44,5,189.56112580206056
968,94,376,2023-06-04 01:33:25,5,26.747380509673953
969,94,181,2019-03-26 04:39:30,2,25.61417427326763
970,94,16,2021-10-10 09:57:19,5,68.36428338173415
971,94,221,2022-03-13 02:28:17,5,63.45989661073081
972,94,495,2019-06-15 22:56:04,5,57.070428574936244
973,94,55,2021-03-02 00:30:18,1,32.74323135664845
974,94,411,2023-01-13 10:59:15,5,82.23608824432543
975,94,2,2019-05-07 06:22:50,3,28.823006704011846
976,94,25,2023-01-26 15:20:54,1,43.78186245157646
977,94,268,2022-03-14 01:40:35,4,14.921021900709581
978,94,360,2022-08-05 09:14:30,5,68.7155973588441
979,94,116,2022-12-28 22:20:16,1,24.592343255391093
980,94,72,2020-11-03 09:33:44,1,16.398272351513
981,94,234,2022-05-01 21:57:16,5,15.581182145536804
982,94,473,2019-04-13 15:45:31,1,26.225425761967024
983,95,86,2019-10-16 09:12:45,2,54.458841227266845
984,95,319,2022-07-27 13:00:49,4,175.5707506352532
985,95,367,2022-02-24 08:39:27,1,47.62524266143789
986,95,280,2020-05-31 20:12:51,1,24.913013016275407
987,95,93,2019-10-15 23:52:38,3,24.183851666093744
988,95,5,2020-02-07 01:02:06,1,15.551405847952006
989,95,158,2021-09-11 00:43:07,1,19.933320448128732
990,95,330,2022-01-08 15:02:59,3,94.02865876151932
991,95,114,2019-01-24 20:20:34,5,45.65573406819183
992,95,253,2022-12-07 00:06:23,5,99.059814834814
993,95,373,2020-11-01 18:49:10,5,166.422944070649
994,95,464,2023-06-27 10:29:11,4,32.31614825042409
995,95,402,2023-04-06 20:06:17,5,138.38876461754555
996,95,27,2020-11-16 23:28:15,2,39.39934895140213
997,95,185,2021-01-30 11:32:55,4,89.55006670646755
998,95,252,2022-09-18 00:21:35,3,114.65493307659088
999,95,57,2020-06-13 12:34:09,3,131.30215431686972
1000,95,98,2023-06-04 13:46:51,5,149.92059250271612
1001,95,450,2023-05-15 12:20:49,3,41.337527324970026
1002,95,440,2021-11-01 20:21:28,4,151.28496296583359
1003,96,224,2023-05-27 17:10:03,1,23.650484803149634
1004,96,187,2023-05-04 03:22:17,4,86.86297138037875
1005,96,444,2019-04-22 16:49:06,1,13.330620201702539
1006,96,162,2020-08-04 18:15:02,5,79.70594152729807
1007,96,197,2023-01-16 03:18:32,2,56.688047134666505
1008,96,260,2016-09-10 14:58:23,2,7.855845085599148
1009,96,493,2017-01-05 03:34:46,2,73.31891500068636
1010,96,335,2020-08-18 17:20:57,3,68.61012022994166
1011,96,484,2020-01-24 05:37:57,4,83.74924383933558
1012,96,125,2022-07-08 07:29:02,5,97.0780133284717
1013,96,413,2021-04-07 14:07:22,5,78.67596453007998
1014,96,268,2016-11-01 08:26:02,2,86.35767419241544
1015,96,19,2021-04-07 22:42:17,5,100.42916122856002
1016,97,34,2023-01-23 17:59:23,2,63.36164710576799
1017,97,258,2022-11-11 22:38:09,1,19.77714891884013
1018,97,399,2019-06-13 22:44:24,2,60.43032686143017
1019,97,316,2022-01-11 16:58:47,3,39.87591183845957
1020,97,468,2022-10-15 23:33:08,3,23.853640094406806
1021,97,150,2019-08-14 15:00:15,4,13.759238668572994
1022,97,242,2020-02-21 20:08:59,1,18.57437275081926
1023,97,69,2023-01-21 20:59:53,3,62.333343481524366
1024,97,172,2023-08-22 18:56:09,5,32.501131104009644
1025,97,242,2019-04-28 09:35:20,3,98.27139358465664
1026,97,415,2018-12-23 06:26:13,1,36.95165171276066
1027,97,462,2023-06-10 15:06:53,4,13.981774404756138
1028,97,363,2019-08-16 23:55:49,5,90.77025755428068
1029,97,420,2022-04-29 09:18:56,3,61.45953868069958
1030,98,195,2021-04-15 18:38:50,5,30.141279748164024
1031,98,248,2022-09-24 18:38:14,1,31.76585218427201
1032,98,325,2021-11-25 07:51:05,3,68.10709375359488
1033,98,161,2022-10-31 07:12:37,2,30.683008120534435
1034,98,103,2020-10-15 21:09:36,5,84.38607333805834
1035,98,242,2020-04-21 17:57:06,5,188.58973075015274
1036,98,470,2021-12-03 05:17:52,4,181.82104910836983
1037,99,77,2020-04-18 17:15:31,2,61.678572058637535
1038,99,175,2021-12-02 23:33:42,2,18.018908831944106
1039,99,152,2022-05-25 14:59:27,3,52.1136351558615
1040,99,6,2020-09-17 10:22:40,5,151.13495173106102
1041,99,272,2022-11-21 21:40:02,4,143.28020088890335
1042,100,485,2020-07-23 06:58:38,2,72.275586003229
1043,100,14,2018-02-07 10:47:51,5,171.557954891709
1044,100,252,2021-07-08 04:58:19,2,62.506724087130905
1045,100,196,2017-10-24 14:28:34,4,150.81562000082462
1046,100,235,2022-08-01 16:43:08,2,68.27191589420968
1047,100,172,2021-04-08 20:45:11,4,107.79848750294693
1048,100,53,2023-02-14 10:30:59,3,58.025238829006526
1049,100,437,2022-01-16 12:19:09,4,34.170736091394616
1050,100,114,2018-11-14 07:04:13,3,69.03049671458658
1051,100,497,2022-12-04 03:03:23,3,27.05973036092895
1052,100,323,2020-10-04 11:34:35,2,37.62099658005464
1053,100,198,2022-05-19 01:59:12,5,201.77806315346106
1054,100,237,2020-01-04 23:41:19,4,196.4671368098757
1055,100,264,2017-05-18 00:46:19,2,89.22972104159243
1056,100,96,2016-09-23 21:28:23,4,62.308901083437554
1057,100,37,2023-05-23 04:08:15,5,16.801214962939547
1058,100,228,2021-12-20 13:34:14,1,32.63804306881719
1059,101,324,2022-12-12 02:21:51,2,79.94606132866501
1060,101,500,2022-08-04 22:50:13,3,118.5898751955815
1061,102,117,2023-10-26 01:26:48,1,42.06736211066637
1062,102,353,2019-07-06 20:09:52,5,178.8636255775042
1063,103,16,2021-05-11 09:42:55,3,131.88766429253823
1064,103,67,2022-11-21 07:20:54,5,173.88177139907637
1065,103,255,2022-06-03 05:46:57,1,22.301101161545517
1066,103,59,2023-06-11 03:54:51,4,124.20727758432572
1067,103,283,2022-06-26 02:04:43,3,18.5499144521795
1068,103,450,2023-04-21 02:40:48,3,143.25524781511515
1069,103,249,2022-10-22 16:36:58,2,51.112348483544494
1070,103,424,2022-09-21 14:01:51,1,41.46334880941131
1071,103,389,2020-12-30 13:58:05,3,129.51546324116583
1072,104,302,2022-09-19 21:32:33,1,17.909190795959486
1073,104,267,2023-04-15 19:38:57,1,9.186059365354858
1074,104,487,2021-02-06 04:33:17,1,15.234297606906592
1075,104,29,2016-12-11 05:32:27,1,29.94562643619883
1076,104,406,2016-11-13 13:40:43,4,195.96226614902386
1077,104,24,2017-12-07 17:16:04,2,11.055201206223302
1078,104,453,2017-05-28 12:38:03,3,147.08132016437602
1079,104,414,2019-02-20 07:47:26,5,188.96727544682483
1080,104,74,2022-10-14 06:49:13,1,26.166825059878562
1081,104,185,2018-11-13 09:17:09,2,17.74977565350976
1082,104,338,2019-12-28 20:28:54,2,33.509805484575885
1083,104,449,2021-11-05 14:01:38,3,111.19622407442313
1084,104,380,2020-11-08 09:53:31,3,76.60513614084351
1085,104,398,2020-04-14 12:09:55,1,6.923122084599741
1086,105,376,2023-03-27 10:42:11,5,43.43357916263699
1087,105,416,2022-09-29 05:29:42,3,98.94155263224141
1088,105,234,2021-04-13 22:49:20,4,66.26660711099058
1089,106,69,2020-08-08 22:03:01,3,106.52222314980634
1090,106,11,2020-12-14 16:52:38,5,140.1880001501264
1091,106,236,2023-10-09 02:26:37,3,29.45260057330153
1092,106,127,2019-12-25 02:26:30,1,30.50310486504582
1093,106,392,2022-12-08 04:41:47,3,42.87858030407314
1094,106,86,2021-08-06 15:25:59,1,38.45812333002075
1095,106,452,2016-10-14 00:19:14,3,31.31355627603301
1096,106,157,2023-10-25 17:31:03,3,82.43805376830359
1097,106,141,2019-01-06 08:41:14,2,45.62219850641265
1098,106,410,2021-07-02 13:07:28,2,77.95728466226772
1099,106,354,2022-08-10 06:58:34,2,85.07467988303154
1100,106,485,2016-08-21 15:49:29,2,21.621738131006808
1101,106,470,2022-03-19 21:38:08,2,99.19880173969527
1102,106,478,2017-07-15 21:33:14,3,56.242505790146794
1103,106,254,2020-08-07 01:26:36,5,153.3921407225237
1104,107,219,2021-08-11 13:56:05,3,120.79337293678256
1105,107,27,2022-03-09 07:18:38,4,138.96832891066083
1106,107,177,2023-01-19 19:12:35,1,11.698862084269246
1107,107,59,2022-03-31 07:45:56,4,197.93160959869172
1108,107,371,2022-04-25 08:07:18,4,160.5281659335836
1109,107,13,2021-06-21 16:34:35,2,78.08957938834925
1110,107,247,2021-07-03 00:52:47,4,8.637065569931682
1111,107,366,2023-01-30 00:20:28,4,95.41319075166463
1112,107,323,2021-07-15 23:54:46,1,6.770967183421726
1113,107,283,2023-08-15 20:46:54,5,101.4419250388153
1114,107,8,2022-07-20 04:45:44,4,77.058310260325
1115,107,255,2022-10-18 02:03:12,1,8.098337157812981
1116,107,442,2023-05-29 22:03:08,3,26.9825820681696
1117,107,489,2021-10-09 04:35:34,3,130.1291685986561
1118,108,271,2018-06-21 08:30:40,1,24.496099113935937
1119,108,327,2015-12-27 17:42:49,1,17.742811291657347
1120,108,95,2017-02-21 23:42:00,3,124.2167199798256
1121,108,133,2018-10-03 22:43:37,3,75.23608363292455
1122,108,321,2019-06-27 23:08:04,4,149.67424562873524
1123,108,223,2022-01-15 01:33:22,4,54.122820117112404
1124,108,80,2020-06-22 12:17:37,4,9.129414031868002
1125,108,485,2023-07-02 07:25:46,1,32.45413906690331
1126,108,321,2021-01-30 20:22:34,3,74.92136067573244
1127,108,115,2022-12-19 12:52:56,5,217.34490092283818
1128,108,464,2017-10-25 20:54:05,2,59.6864490378922
1129,108,430,2019-02-15 11:09:26,4,67.58224269709996
1130,109,104,2019-02-17 10:34:02,3,144.58118431521143
1131,109,372,2022-06-11 03:19:35,3,102.82265966883877
1132,109,142,2020-09-29 23:29:17,3,23.580275903346223
1133,109,416,2017-09-18 05:16:55,1,4.9282950759288635
1134,109,348,2022-05-13 05:26:32,5,212.4935620450405
1135,109,122,2023-06-28 14:18:37,1,32.64682163923205
1136,109,420,2023-01-12 04:49:21,1,34.68776119350658
1137,109,272,2016-02-07 04:52:11,1,41.341496659257984
1138,109,340,2018-01-24 08:37:09,2,96.85401461727284
1139,109,293,2018-07-03 05:18:45,5,157.7241246282662
1140,109,85,2017-05-20 08:01:15,3,23.40830384747034
1141,109,342,2018-12-17 02:24:15,4,19.632648431036873
1142,109,236,2018-04-25 14:00:11,4,114.4391762870681
1143,109,330,2022-03-27 13:27:08,2,20.076693616932886
1144,109,23,2022-02-17 18:14:24,2,45.474178564756265
1145,109,88,2019-08-07 17:12:39,2,46.82588357959436
1146,109,418,2023-06-03 09:11:00,4,58.193305234870614
1147,109,341,2018-08-10 01:16:05,5,203.04329556124856
1148,109,460,2018-03-22 15:25:10,1,12.208779136716243
1149,109,147,2016-12-30 06:48:14,1,16.940661406922572
1150,110,366,2022-08-07 02:56:35,5,46.82935927044666
1151,111,298,2022-08-29 07:09:39,5,79.87100981545993
1152,111,170,2021-11-15 18:14:55,4,46.10186392587368
1153,111,56,2021-10-31 23:23:43,5,97.41893627454759
1154,111,52,2021-08-21 18:17:42,2,71.19844939631396
1155,111,282,2023-02-19 04:00:55,1,35.117992170408556
1156,112,67,2021-05-05 07:57:50,3,37.89798925356436
1157,112,340,2021-12-17 22:33:34,5,145.688110045527
1158,112,172,2022-07-26 15:19:04,5,88.70026167634887
1159,112,324,2020-10-05 20:26:01,4,84.14459391205088
1160,112,357,2023-08-16 18:29:27,3,92.69228871645488
1161,112,211,2023-03-28 12:23:41,5,88.01360482962284
1162,112,474,2021-11-20 14:36:00,1,46.06639368924496
1163,112,181,2023-01-16 07:47:32,3,119.26023784534401
1164,112,361,2021-11-12 09:58:36,1,42.10040752189345
1165,112,480,2022-03-05 21:18:18,4,62.64553431475028
1166,113,415,2022-07-01 11:32:20,5,101.95315361621338
1167,113,493,2021-09-03 02:31:30,5,92.52353643661618
1168,113,197,2023-09-15 17:08:14,3,40.96573059852523
1169,113,409,2020-06-10 03:56:53,2,28.068427243607797
1170,113,67,2021-06-16 22:33:45,1,8.911148799990984
1171,113,478,2023-08-04 23:31:57,2,45.27543043765344
1172,113,157,2021-01-05 03:49:22,5,19.245487993547712
1173,113,303,2023-04-12 17:47:02,4,181.51567458370337
1174,113,229,2022-02-22 18:35:14,1,38.64520938224828
1175,113,485,2020-11-14 10:58:06,5,45.512939948326725
1176,113,378,2020-09-04 07:17:59,1,5.843913257382058
1177,113,493,2023-03-21 05:17:56,1,28.22617690172523
1178,113,229,2022-02-17 09:34:30,4,122.736425349909
1179,113,71,2021-12-22 08:42:56,2,38.11569372218701
1180,113,134,2023-04-06 03:24:57,2,56.92032224313369
1181,113,176,2020-02-23 10:16:26,5,47.27044936080097
1182,114,134,2017-03-14 09:25:06,5,149.12042266518694
1183,114,374,2020-04-07 21:49:19,3,66.4490345577213
1184,114,105,2018-01-06 13:29:43,3,135.02484986062885
1185,114,315,2018-07-07 03:38:45,2,77.4249735171873
1186,114,128,2023-02-24 21:46:19,4,148.64547180313977
1187,114,327,2023-09-19 11:37:49,5,97.55808933943555
1188,114,328,2020-07-23 16:14:06,5,128.2573739945169
1189,114,9,2021-02-15 03:40:35,5,26.784024946837256
1190,115,420,2020-11-24 02:50:29,5,59.97602937711658
1191,115,204,2021-08-30 14:19:00,3,8.398139688394856
1192,115,465,2023-05-21 20:47:54,5,100.61560128831543
1193,115,197,2022-09-27 18:36:48,3,123.39711179226936
1194,115,332,2023-02-04 15:31:17,2,85.00412927153417
1195,115,352,2021-06-10 10:38:59,4,198.69776437386463
1196,115,154,2021-12-29 05:48:29,2,33.41155860641334
1197,115,140,2022-01-04 15:40:25,1,22.145000593083275
1198,115,135,2023-07-25 05:05:25,2,71.75508748130041
1199,115,389,2021-10-24 06:16:01,5,209.46106920321608
1200,115,251,2022-10-19 21:19:06,3,6.846194463253588
1201,115,71,2022-12-19 11:09:28,4,65.77132447858594
1202,115,209,2022-10-03 07:23:51,2,66.948623510922
1203,115,241,2021-04-30 05:04:38,2,34.27145021270247
1204,115,159,2023-01-06 20:33:25,4,124.62715576797294
1205,115,20,2021-08-01 03:29:31,3,27.029310096780534
1206,115,136,2020-12-09 13:29:04,3,82.14232147705508
1207,116,261,2023-09-05 14:23:35,4,85.24161467765293
1208,116,5,2020-06-16 04:46:28,4,20.399568579998064
1209,117,257,2023-10-12 17:18:57,5,87.59166149813584
1210,117,405,2016-06-05 12:19:20,4,81.31648453874662
1211,117,280,2017-06-05 02:25:22,2,93.65352595003245
1212,117,491,2020-07-17 18:34:22,4,43.948202897349205
1213,117,402,2019-06-05 01:27:28,4,87.8158349532915
1214,117,168,2023-05-31 10:07:48,5,134.10149638267475
1215,117,405,2018-07-29 09:48:40,3,82.42217327476756
1216,117,102,2023-01-01 09:52:54,2,28.32119742054367
1217,117,273,2017-12-23 12:09:05,2,50.09685358887575
1218,117,159,2017-07-19 21:34:23,3,126.78907282509454
1219,118,258,2022-09-24 19:19:52,5,141.1754271881411
1220,118,260,2023-06-26 10:20:19,1,14.59586015545425
1221,118,59,2020-10-18 15:00:35,5,191.6903834104226
1222,118,92,2021-07-22 15:34:16,2,67.10817660527766
1223,118,423,2021-05-28 03:40:05,5,238.88080400308357
1224,119,400,2020-12-08 00:12:32,4,137.33708675673898
1225,119,4,2022-04-04 11:17:23,3,114.73699987096094
1226,119,270,2020-12-16 13:53:01,1,37.49035122765707
1227,119,493,2021-04-12 04:33:25,2,74.57931517095422
1228,119,139,2022-09-12 07:24:47,5,174.58574084178332
1229,119,127,2021-09-20 16:26:07,5,84.1799916964421
1230,119,409,2023-10-27 16:12:23,5,203.93169132792343
1231,119,447,2020-06-29 04:56:59,1,6.689754598887409
1232,119,413,2023-09-05 04:21:36,5,244.6241765157838
1233,119,388,2023-10-31 17:53:42,2,75.70159752829674
1234,119,224,2023-06-26 18:32:31,1,39.99269106495021
1235,120,51,2020-12-21 15:52:20,3,48.70587457514907
1236,120,307,2022-02-01 04:16:39,2,84.8013826833314
1237,120,146,2020-06-16 07:34:43,4,77.14861625359327
1238,120,341,2023-05-12 11:48:20,3,6.945970632413584
1239,120,184,2019-07-15 02:45:59,3,16.259183708216987
1240,120,230,2019-05-09 09:15:39,5,179.26597865390352
1241,120,93,2019-09-15 07:18:36,4,22.97395472813306
1242,120,455,2019-11-11 22:11:35,1,32.88541278090949
1243,121,331,2023-03-13 12:20:34,1,46.06130676709957
1244,121,124,2020-09-23 03:09:56,5,207.88828062337788
1245,121,121,2022-06-25 17:05:08,1,34.10763740645885
1246,121,208,2021-10-03 09:56:06,1,42.514833565588695
1247,121,226,2018-11-04 08:29:40,2,62.08239807026187
1248,121,200,2019-12-10 10:34:48,1,10.340793414673778
1249,121,396,2018-11-13 20:32:50,2,98.54409531230208
1250,121,499,2017-06-07 06:36:04,3,35.00140166666617
1251,122,192,2021-11-05 14:23:52,2,46.43088914113868
1252,122,75,2022-05-28 00:44:31,1,25.899324198183614
1253,122,256,2018-02-18 05:06:29,2,78.25996739312662
1254,122,38,2019-01-20 14:09:34,3,102.04579177755403
1255,122,340,2022-02-09 18:32:35,2,93.71194454699774
1256,123,487,2022-06-22 04:05:33,5,166.46769387096856
1257,123,133,2023-07-28 10:14:36,4,70.06920003628028
1258,123,428,2023-04-21 03:04:12,3,62.99429843559738
1259,123,128,2022-12-31 20:22:07,2,93.87467799648317
1260,123,11,2022-11-26 10:28:32,2,53.32098297987014
1261,123,307,2022-07-29 23:22:35,5,249.86279796951413
1262,123,231,2023-05-25 13:19:16,3,5.813769219646856
1263,123,260,2022-07-08 19:13:35,4,82.3856512637717
1264,123,358,2022-09-05 20:57:51,5,245.64523574251368
1265,123,350,2023-02-16 12:03:05,4,102.29253137588259
1266,123,208,2023-10-13 08:41:23,1,5.807049918662588
1267,123,485,2022-12-15 01:23:35,5,136.46433402094775
1268,123,105,2023-05-03 13:52:52,3,136.16544653210434
1269,123,457,2023-04-17 04:03:04,3,29.979203117755326
1270,123,36,2023-09-05 04:22:49,2,75.94671924483706
1271,123,282,2023-02-06 13:28:38,1,8.002665503844437
1272,123,355,2022-08-16 23:49:58,5,114.09156835953237
1273,124,347,2022-12-29 05:36:13,1,15.919148152684476
1274,125,4,2022-04-23 20:27:11,2,97.86290481859558
1275,125,122,2019-01-12 04:29:54,1,49.54512549395114
1276,125,287,2021-07-22 23:06:23,2,29.840246913861005
1277,125,74,2022-01-14 02:53:07,1,49.44475279127534
1278,125,495,2023-01-07 05:55:42,2,81.19181484814334
1279,125,250,2023-08-18 20:21:39,4,93.6422296218933
1280,125,195,2019-12-04 06:58:19,4,151.53510993929422
1281,125,176,2022-08-10 03:36:34,2,85.09941567207267
1282,125,124,2020-05-03 13:31:06,5,191.07706027445218
1283,125,193,2019-04-28 03:06:26,1,39.02811300145382
1284,125,382,2020-12-24 18:17:49,3,55.946443269994276
1285,125,269,2019-03-31 12:03:46,3,87.08202135151822
1286,125,181,2019-12-28 07:37:46,1,31.42811689996169
1287,125,378,2021-05-29 21:15:23,2,34.919862118624096
1288,125,353,2021-11-01 19:00:17,4,73.86568465668368
1289,126,220,2022-10-19 15:15:32,5,121.49192892367779
1290,126,377,2023-08-27 20:01:42,2,75.06969964271607
1291,126,100,2022-03-29 12:09:29,1,7.869236853358884
1292,126,258,2023-02-05 11:57:21,2,65.25335713770843
1293,126,407,2023-03-14 17:29:43,4,82.59419596996428
1294,126,77,2023-11-04 01:07:12,4,39.986312726242545
1295,126,325,2021-12-27 13:16:56,3,106.78192715837687
1296,126,94,2021-11-19 16:14:05,3,16.67791599468715
1297,127,473,2022-12-23 03:07:33,1,45.89181679707793
1298,127,329,2023-04-18 09:49:43,4,190.18419882678913
1299,127,259,2023-10-08 19:32:55,5,170.75967740143034
1300,127,101,2023-05-01 22:33:16,5,15.07704150416215
1301,127,79,2022-04-24 04:21:36,4,147.42936094791193
1302,128,128,2023-06-13 07:30:50,2,94.83117879449172
1303,128,443,2017-08-01 04:32:49,3,127.08940953403288
1304,128,205,2018-07-28 05:48:10,5,88.31366692046105
1305,128,309,2021-03-27 03:24:44,3,66.76327272343279
1306,128,405,2022-10-10 18:14:30,5,33.1527408339091
1307,128,10,2021-09-07 07:05:23,1,2.057430491930126
1308,128,486,2018-07-12 18:17:22,1,4.848265471709409
1309,128,484,2023-06-16 23:14:21,1,30.333424791477498
1310,128,285,2018-03-08 10:24:04,2,16.350885704828848
1311,128,343,2019-02-08 17:38:58,4,54.3371357689531
1312,128,398,2023-06-20 06:08:50,5,111.94869960468877
1313,128,241,2022-11-16 23:04:44,1,20.862538537842195
1314,128,60,2022-07-11 23:13:23,4,57.90095217441951
1315,128,42,2022-08-27 12:29:26,3,44.59731558071138
1316,128,434,2019-10-10 22:22:57,4,10.595533184812691
1317,128,156,2017-08-24 21:45:17,4,66.61810542725969
1318,128,49,2021-05-19 22:00:45,4,93.1766765645254
1319,128,9,2023-10-29 06:00:30,4,88.76722076037693
1320,128,183,2021-08-12 14:29:00,5,106.72896053172235
1321,128,203,2017-11-05 11:13:47,3,107.97940272416147
1322,129,499,2022-04-19 08:55:23,1,41.39303932673291
1323,129,397,2023-01-19 00:56:43,2,80.86678006851994
1324,129,60,2023-08-12 15:47:36,3,101.01496002488055
1325,129,331,2022-09-18 14:03:17,3,140.7043399852205
1326,129,320,2023-08-07 02:36:47,1,48.635418991081806
1327,129,96,2023-09-16 05:18:16,3,7.697099795376553
1328,129,248,2023-02-21 16:41:54,2,88.58314114828254
1329,130,362,2022-03-06 18:37:48,5,222.239920561541
1330,130,396,2016-03-31 21:58:16,5,21.1380139389075
1331,130,339,2016-07-26 09:52:19,5,90.65597242970001
1332,130,479,2022-07-28 18:53:17,1,25.254934041348434
1333,130,50,2017-08-27 08:43:24,4,104.26352715671509
1334,131,339,2021-05-31 10:14:41,4,170.97428716272185
1335,131,411,2021-02-24 09:30:32,2,6.79807161062085
1336,131,259,2021-05-24 08:55:49,4,31.61421434857821
1337,131,343,2021-08-15 18:56:13,1,38.84590743630292
1338,131,101,2022-07-04 06:15:53,2,95.71206515812919
1339,132,336,2020-12-07 00:49:22,5,71.19299008891743
1340,132,142,2019-06-29 20:36:54,2,38.16073266085956
1341,132,284,2023-04-25 11:26:03,4,23.07058943279491
1342,132,363,2023-05-23 18:29:49,2,58.79303284374445
1343,132,265,2019-10-25 04:55:06,1,4.3463300755568035
1344,132,344,2021-08-24 03:04:35,3,53.50468344796877
1345,132,381,2020-01-31 12:02:06,2,21.38243519070432
1346,132,171,2022-04-09 06:47:06,5,211.3370504630991
1347,132,72,2020-06-06 01:30:10,1,5.946887817915121
1348,132,49,2020-05-31 10:52:00,2,19.005223184808038
1349,132,32,2020-01-05 01:48:39,3,126.26976148218921
1350,132,298,2023-07-08 17:03:26,2,3.2364507734318706
1351,132,149,2019-10-03 15:53:58,1,21.675512885001194
1352,132,265,2020-10-03 01:11:03,4,32.6371318372717
1353,132,248,2021-12-02 03:39:29,4,60.082592654176004
1354,132,281,2020-12-31 18:54:58,3,33.29938174163368
1355,133,135,2019-09-28 15:39:08,1,40.3645025593852
1356,133,108,2020-02-03 01:08:29,5,27.24578452004031
1357,133,356,2021-12-11 05:59:34,4,40.584319461336094
1358,134,30,2020-01-02 08:46:52,1,23.794528567419896
1359,134,475,2021-04-15 19:51:51,4,150.46505670074097
1360,134,272,2023-03-15 05:10:39,3,22.099599985621083
1361,134,351,2015-07-13 02:56:43,4,95.20524404288021
1362,134,115,2020-07-25 11:54:06,1,10.800938331094931
1363,134,427,2016-08-02 21:01:24,5,72.29394816067962
1364,134,60,2022-02-04 19:56:25,5,244.2041648399648
1365,135,184,2018-04-17 16:03:27,5,15.984598182953828
1366,135,316,2021-03-10 00:58:23,4,126.73185576007671
1367,135,410,2019-02-05 15:24:16,1,8.450383620192149
1368,136,9,2016-09-19 07:24:32,2,12.273389834505569
1369,136,473,2022-05-04 14:47:33,4,54.74798576868941
1370,136,186,2017-04-04 03:26:26,4,21.052601361303427
1371,136,206,2021-11-01 22:06:33,2,10.596463053039912
1372,136,360,2021-03-21 03:32:23,4,18.78068543714296
1373,136,313,2021-02-15 17:18:09,4,50.42668958881942
1374,136,440,2021-08-21 21:38:22,4,157.37884039817132
1375,136,405,2016-03-13 13:25:05,3,141.3676714393681
1376,136,270,2018-06-09 21:05:35,2,16.2661906856195
1377,136,405,2016-02-23 03:47:11,1,37.33395555520778
1378,136,229,2017-08-15 01:08:58,5,54.98829754870408
1379,136,462,2016-04-19 20:14:09,3,16.41433611554554
1380,137,329,2017-11-04 22:37:05,3,85.83251448472394
1381,137,27,2021-12-15 04:19:42,2,78.54819391863418
1382,137,185,2022-05-08 13:43:12,4,158.21705851402942
1383,137,436,2015-07-16 23:46:28,2,8.48708363222649
1384,137,123,2020-01-12 00:04:37,1,47.01944374979343
1385,137,341,2020-06-05 16:40:24,3,49.7047179439448
1386,137,149,2021-10-30 21:26:07,4,72.377038801047
1387,137,286,2021-05-02 15:39:06,3,52.22610664684588
1388,137,228,2023-02-24 12:28:28,5,37.29129474087388
1389,137,471,2020-07-24 01:59:21,2,33.773011856868955
1390,137,78,2022-11-11 15:53:08,5,233.99625631718723
1391,137,111,2022-01-01 19:56:52,2,84.81784907722454
1392,137,468,2019-04-28 08:34:26,5,184.10540541528363
1393,137,338,2021-04-18 16:54:27,4,107.7714235538643
1394,137,82,2022-09-05 21:58:28,2,99.60950076811126
1395,137,173,2015-11-14 03:33:18,1,16.435498126945284
1396,137,360,2021-11-16 18:30:20,1,24.27805312959755
1397,137,285,2023-08-15 07:21:01,1,5.855593208609863
1398,137,195,2015-08-07 03:22:40,5,123.25683880854189
1399,138,204,2020-08-16 17:55:52,5,158.25551468467057
1400,138,69,2023-01-09 18:57:06,5,217.96619012455727
1401,138,222,2022-03-14 11:38:26,2,94.37737382621512
1402,138,370,2020-05-14 20:58:10,5,193.6314398739339
1403,138,383,2022-07-05 00:40:50,1,49.26342678635754
1404,138,233,2022-11-09 15:18:24,4,135.32216402274847
1405,138,6,2023-04-23 15:06:47,1,14.40312430342675
1406,138,155,2019-09-07 12:25:23,1,11.180113615444382
1407,138,62,2019-08-21 15:32:26,5,116.65770807433
1408,138,226,2023-02-12 05:57:21,2,33.41037898622028
1409,138,379,2023-07-02 01:20:08,2,4.44306635355257
1410,138,71,2021-01-03 11:35:36,4,122.89166722100035
1411,138,152,2021-04-12 23:48:34,4,9.226777617147938
1412,138,407,2023-04-18 01:38:34,1,43.57893536316807
1413,138,325,2019-11-26 10:48:26,4,165.0288172039881
1414,139,250,2021-05-29 13:45:54,3,62.896926722826436
1415,139,299,2020-07-12 08:44:32,1,30.944043107493517
1416,139,466,2018-10-07 23:46:15,5,145.86285729761033
1417,139,359,2021-06-13 09:50:41,4,80.8798281372652
1418,139,371,2018-04-17 20:59:50,1,3.066732390531424
1419,139,493,2021-09-18 03:36:50,2,11.423444228115995
1420,139,445,2017-12-19 06:19:54,4,188.3598877235166
1421,139,168,2022-10-04 06:36:36,2,5.892862074540464
1422,139,478,2018-04-30 18:41:35,4,57.33774496255947
1423,139,366,2022-10-15 16:42:37,4,66.94375499074471
1424,139,197,2021-01-28 10:30:44,1,35.73648240719894
1425,139,3,2022-09-19 21:12:39,1,49.1099649485485
1426,139,89,2020-10-05 15:06:40,3,124.53537213077783
1427,139,200,2019-04-07 10:17:10,5,54.80857153844237
1428,139,410,2020-03-30 20:52:19,2,79.51334487884874
1429,139,490,2023-09-16 09:39:59,5,155.90849857127589
1430,139,328,2022-05-26 05:10:24,4,19.015057475403452
1431,139,303,2021-01-04 15:34:07,3,127.66823889934152
1432,139,188,2019-09-25 05:18:54,1,44.3949883284046
1433,139,498,2018-10-02 02:13:38,3,98.33259345868774
1434,140,22,2023-08-16 06:17:59,5,132.2133882655249
1435,140,35,2020-08-04 03:36:40,2,86.86900454009334
1436,140,234,2019-05-05 16:38:28,4,131.62666756807397
1437,140,297,2021-10-11 18:59:39,1,41.25802590862012
1438,140,419,2018-08-07 14:07:42,1,18.164713623918665
1439,140,165,2019-05-16 17:52:06,2,10.82012512442989
1440,140,498,2023-06-07 20:51:39,5,186.51907254323189
1441,140,142,2018-08-20 12:53:28,2,27.200504378377754
1442,141,303,2017-07-20 04:14:24,2,54.04720582835665
1443,141,369,2022-03-08 04:48:20,5,90.60877692372236
1444,141,404,2023-05-01 09:02:49,5,148.79825198814555
1445,141,159,2022-08-06 07:31:15,2,44.86481953032818
1446,141,462,2019-10-06 04:14:01,3,132.76522932699567
1447,141,134,2022-05-25 07:54:51,1,17.29546238179411
1448,141,346,2018-09-10 09:57:42,4,50.95164392691949
1449,141,17,2019-06-28 12:57:05,1,8.367445253525968
1450,141,16,2020-07-30 11:10:23,3,118.06762737658165
1451,141,284,2022-05-03 22:17:12,3,126.26791997968714
1452,141,322,2022-07-31 11:27:17,3,92.75886476034678
1453,141,284,2020-11-13 04:43:58,4,91.55980834693965
1454,141,189,2023-10-30 19:14:44,3,48.08881352246149
1455,141,317,2019-07-02 00:09:45,5,153.10885702609812
1456,141,95,2017-08-21 16:10:08,1,16.85421572515247
1457,141,208,2019-10-20 16:49:38,3,14.222174533854428
1458,142,139,2021-10-30 23:27:36,3,65.9382349226072
1459,142,85,2023-01-05 07:42:12,2,60.52809417615854
1460,142,477,2020-08-04 07:36:49,5,72.74671245552044
1461,142,405,2021-07-13 14:17:54,1,18.955555976015674
1462,142,271,2022-10-01 16:37:48,4,14.577744360279997
1463,142,54,2022-10-12 19:48:11,4,12.650478155375508
1464,142,228,2019-12-27 16:47:07,4,38.29941234426298
1465,143,229,2023-08-29 03:07:22,5,207.0155627960995
1466,143,256,2023-02-18 08:26:53,1,5.509862073362146
1467,144,60,2022-08-05 05:28:43,2,8.40370961221471
1468,144,169,2017-11-19 06:11:59,4,135.75426375631437
1469,144,209,2023-07-04 13:22:33,4,139.50930725371478
1470,144,7,2023-04-22 17:14:53,1,25.207430454526154
1471,144,376,2015-11-17 19:41:04,2,40.46786255705685
1472,144,59,2016-05-16 16:29:12,2,59.61887708075895
1473,145,235,2018-01-09 17:55:25,4,90.84763491205985
1474,145,488,2017-06-28 17:01:52,4,131.56179713776697
1475,145,234,2017-01-24 23:23:25,1,35.55436100309389
1476,145,428,2023-09-12 02:21:40,2,43.15909007739383
1477,145,23,2020-07-09 21:15:33,5,186.2842984178995
1478,145,113,2023-01-26 14:07:15,2,70.42447603271556
1479,145,466,2019-12-25 12:15:20,2,40.10317158159062
1480,145,149,2016-10-23 19:11:33,1,10.584589625951697
1481,145,279,2020-04-22 00:41:55,3,35.05752833836523
1482,145,418,2023-10-27 05:15:04,2,7.318386136136288
1483,145,99,2022-05-20 09:27:18,1,41.34916068799619
1484,145,1,2021-01-14 20:43:44,1,37.9365064874677
1485,145,295,2020-05-25 09:20:52,3,82.03002340472618
1486,145,40,2021-08-09 19:50:46,4,140.98692834257412
1487,145,23,2021-02-12 07:40:41,2,86.5411480464865
1488,145,92,2019-03-26 13:23:28,2,15.975192526630263
1489,146,417,2021-07-25 14:56:34,4,42.549541641655466
1490,146,360,2021-12-28 08:47:29,2,13.593879162030408
1491,146,436,2017-04-02 04:05:43,5,71.06671276163483
1492,146,161,2019-06-04 04:09:56,2,73.67856421151649
1493,146,241,2018-08-09 05:49:27,3,93.25169630907826
1494,146,146,2019-08-07 10:59:57,1,41.96394725458479
1495,146,82,2019-11-29 12:45:27,3,92.00805609372243
1496,146,391,2017-09-29 19:56:29,2,29.406500467200782
1497,146,76,2017-12-25 04:41:50,3,57.143416362335145
1498,146,155,2019-04-14 12:09:04,5,108.21912136148897
1499,146,107,2017-06-09 22:55:27,5,90.74204324597258
1500,146,303,2020-09-29 15:07:54,4,13.871736809075408
